NCBI/VEuPathDB Accession ID	AssemblyLVL 	Raw	FCS-GX	Conterminator
GCA_024447205.1	Contig	230,526,197	31,607,248	30,054,380
GCA_020740425.2	Scaffold	84,585,366	23,689,611	15,959,542
GCA_004785735.1	Scaffold	220,576,793	21,254,506	4,639,164
GCA_013436035.1	Contig	118,236,291	17,681,934	9,539,301
GCA_000826325.1	Scaffold	103,249,818	16,295,218	7,682,252
GCA_001430945.1	Scaffold	34,644,497	8,907,059	1,816,574
GCA_001430955.1	Scaffold	30,395,187	8,538,254	1,649,266
GCA_007213375.1	Contig	121,603,157	8,361,266	7,286,501
GCA_901766145.1	Scaffold	75,570,095	6,586,083	5,907,157
GCA_018136805.1	Contig	101,858,375	5,984,663	4,522,072
GCA_001430935.1	Scaffold	27,676,032	5,874,600	1,013,014
GCA_002287525.1	Scaffold	156,503,834	5,803,215	4,544,353
GCA_029231635.1	Scaffold	196,328,972	5,750,706	3,018,301
GCA_000258005.2	Scaffold	67,460,985	5,331,338	2,524,349
GCA_000826465.1	Scaffold	106,512,939	5,318,730	3,667,624
GCA_018136875.1	Contig	104,562,308	5,310,018	4,114,718
GCA_900683695.1	Contig	105,959,096	5,278,446	102,411
GCA_004125335.1	Scaffold	541,187,406	5,174,485	104,287
GCA_900576815.1	Scaffold	143,524,920	5,054,001	4,880,531
GCA_001630785.1	Scaffold	112,480,486	4,863,935	3,899,405
GCA_000950515.2	Scaffold	91,277,801	4,710,931	3,120,540
GCA_000225285.2	Contig	46,723,002	4,518,059	4,166,798
GCA_024699865.1	Scaffold	143,831,857	4,437,787	857,722
GCA_000505645.1	Scaffold	84,806,581	4,345,952	3,222,618
GCA_016648015.1	Contig	81,763,885	4,117,496	1,407,053
GCA_000963415.1	Scaffold	15,417,329	3,977,164	2,163,159
GCA_022845575.1	Scaffold	252,489,176	3,744,805	2,187,492
GCA_000180695.1	Scaffold	25,992,171	3,642,442	3,111,595
GCA_001430925.1	Scaffold	25,568,647	3,568,463	629,231
GCA_000941615.1	Contig	42,219,646	3,347,041	2,783,579
GCA_016433075.1	Contig	46,941,449	3,255,871	3,216,322
GCA_000757755.1	Scaffold	89,456,487	3,156,381	2,567,827
GCA_022814895.1	Contig	120,895,792	2,843,825	1,263,660
GCA_006368765.1	Scaffold	369,873,845	2,732,117	274,272
GCA_000757745.1	Scaffold	78,888,856	2,696,381	1,720,292
GCA_016432905.1	Contig	13,242,996	2,684,374	2,692,025
GCA_027422425.1	Contig	106,758,084	2,667,197	3,669,189
GCA_000165025.1	Scaffold	75,258,781	2,623,097	130,641
GCA_022844625.1	Scaffold	266,967,996	2,594,269	2,533,157
GCF_000149515.1	Scaffold	138,406,203	2,501,653	1,301,330
GCA_022702815.1	Contig	77,269,747	2,493,284	1,021,651
GCA_001938525.1	Scaffold	829,884,062	2,363,657	20,632
GCA_028455885.1	Scaffold	82,055,651	2,336,734	970,241
GCA_000691995.1	Scaffold	600,352,029	2,091,918	36,925
GCA_000181075.1	Scaffold	865,581,001	1,938,419	1,176,707
GCA_000613005.1	Scaffold	75,481,916	1,937,554	1,925,595
GCA_918442795.1	Scaffold	145,803,384	1,792,987	1,222,384
GCA_900617795.1	Scaffold	593,006,571	1,583,814	56,933
GCA_000173235.2	Scaffold	70,263,251	1,501,390	118,266
GCA_000572305.1	Contig	611,995,108	1,499,757	59,691
GCA_029619545.1	Contig	50,288,344	1,482,310	122,752
GCA_000499685.1	Scaffold	1,478,571	1,480,825	1,478,571
GCA_000934875.1	Contig	38,321,349	1,478,352	1,393,114
GCA_006503575.1	Scaffold	232,367,060	1,335,496	789,790
GCA_028456195.1	Scaffold	85,878,945	1,311,090	362,597
GCA_027422445.1	Contig	106,853,523	1,174,301	1,840,619
GCA_000951995.1	Contig	1,130,704,756	1,132,832	82,289
GCA_900618025.1	Scaffold	64,179,226	1,087,232	396,419
GCA_024447195.1	Contig	217,946,463	1,084,451	469,724
GCA_000402015.1	Scaffold	303,727,273	1,070,569	11,808
GCA_022814885.1	Contig	139,411,310	1,038,166	560,246
GCA_028564675.1	Contig	92,491,485	987,098	727,483
GCA_000757705.1	Scaffold	79,710,583	954,441	807,468
GCA_901766855.1	Scaffold	88,662,962	947,550	691,876
GCA_024699855.1	Scaffold	47,420,495	907,870	926,552
GCA_008729115.1	Contig	99,578,628	852,037	127,415
GCA_001039655.1	Scaffold	267,654,222	807,553	68,962
GCA_024699845.1	Contig	46,428,382	791,141	77,944
GCA_001938485.1	Scaffold	1,325,689,572	773,183	190,758
GCA_001483305.2	Scaffold	133,026,217	766,599	1,705,096
GCA_900182535.1	Scaffold	180,212,183	766,381	63,130
GCA_000151775.1	Scaffold	369,022,049	765,634	1,170,903
GCA_024447215.1	Contig	182,164,411	765,189	550,958
GCA_001643685.2	Chromosome	132,111,203	757,776	1,697,370
GCA_900406225.1	Scaffold	247,818,953	748,035	510,337
GCA_000947175.1	Scaffold	1,183,504,361	742,825	121,182
GCA_947561635.1	Scaffold	82,435,325	719,658	584,854
GCA_948294485.1	Scaffold	79,576,055	691,789	570,005
GCA_009829315.1	Contig	89,153,617	684,784	20,248
GCA_019055375.1	Scaffold	490,895,320	669,114	173,266
GCA_019097775.1	Scaffold	136,538,346	633,549	3,021
GCA_001555675.1	Scaffold	90,283,428	620,968	464,510
GCA_029232805.1	Scaffold	228,244,842	599,831	389,597
GCA_009735665.1	Scaffold	273,602,597	596,747	76,059
GCA_000950715.1	Contig	424,790,813	542,868	2,922
GCA_022844705.1	Scaffold	272,264,966	532,362	25,029
GCA_000824725.2	Scaffold	1,182,328,283	522,812	121,784
GCA_000142945.1	Scaffold	190,133,476	510,519	20,082,060
GCA_000143925.2	Scaffold	170,093,638	501,376	162,107
GCA_013365365.1	Contig	75,516,636	474,683	128,923
GCF_000507365.1	Scaffold	208,173,610	467,990	202,984
GCA_000151525.2	Scaffold	106,563,903	450,557	2,619,326
GCA_943334845.2	Scaffold	53,929,085	445,736	186,917
GCA_013365335.1	Scaffold	77,676,864	442,065	319,876
GCA_000469725.3	Scaffold	112,135,503	428,363	38,939
GCA_900617965.1	Scaffold	164,847,740	405,490	242,766
GCA_000803305.1	Scaffold	298,641,369	391,063	293,148
GCA_000383075.1	Scaffold	14,356,492	357,519	225,597
GCA_000724045.1	Scaffold	103,634,401	343,779	110,682
GCA_002763495.2	Scaffold	1,080,014,412	328,513	14,034
FungiDB-61-AlaibachiiNc14	Scaffold	32,766,339	323,413	115,815
GCA_022343475.1	Contig	68,006,955	321,154	327,026
GCA_016432935.1	Contig	2,150,072	320,742	26,314
GCA_918442785.1	Scaffold	142,917,593	304,261	276,303
GCA_002249935.1	Scaffold	62,736,202	297,099	43,016
GCA_000147155.1	Scaffold	154,057,934	282,596	545,395
GCA_000227395.2	Scaffold	18,802,389	279,546	111,301
GCA_001513535.1	Scaffold	117,290,108	267,073	957
GCA_900617775.1	Scaffold	493,049,113	266,412	4,223
GCA_000715275.1	Scaffold	67,348,207	259,654	15,029
GCA_000826265.1	Scaffold	55,280,243	257,747	52,091
GCA_947366455.1	Scaffold	59,725,703	255,541	174,726
GCA_000826245.1	Scaffold	83,219,492	253,728	48,350
GCA_000826285.1	Scaffold	65,839,791	252,419	100,156
GCA_918442815.1	Scaffold	145,112,548	252,260	273,880
GCA_000209065.1	Scaffold	89,612,356	240,605	84,586
GCA_001625125.1	Scaffold	22,751,163	240,358	401
GCA_000769155.2	Scaffold	43,961,175	239,384	15,693
GCA_000209485.1	Scaffold	3,859,221	237,114	179,391
GCA_000182805.2	Scaffold	38,253,120	236,762	99,533
GCA_000227375.1	Contig	24,779,298	236,078	4,886
GCF_000006565.2	Chromosome	65,465,022	226,690	450,895
GCA_000236345.1	Scaffold	547,104,041	216,371	223,922
GCA_900618515.1	Scaffold	625,050,097	212,837	40,412
GCA_017311285.1	Scaffold	7,409,722	212,354	9,368
GCA_024500135.1	Contig	95,119,944	211,476	13,224
GCA_024447235.1	Contig	62,270,399	209,245	150,991
GCA_900302435.1	Scaffold	1,163,484,157	204,735	131,618
GCA_001447665.1	Scaffold	50,474,353	203,036	19,711
GCA_901765185.1	Scaffold	63,454,929	197,243	196,383
GCA_907163375.1	Scaffold	2,065,453,619	196,549	41,723
GCA_001447655.1	Scaffold	49,674,626	195,500	15,593
GCA_000816705.1	Scaffold	156,893,894	195,017	39,488
GCA_014805415.1	Scaffold	275,514,220	194,622	178,674
GCA_900622535.1	Scaffold	76,921,522	194,367	51,366
GCA_001447505.1	Scaffold	48,785,687	190,914	30,272
GCA_018398765.1	Scaffold	193,306,556	180,298	12,914
GCA_918442835.1	Scaffold	141,981,671	177,192	187,276
GCA_000172435.1	Contig	53,012,960	175,482	39,514
GCA_004026265.1	Scaffold	50,496,789	172,463	29,658
GCA_000751915.1	Scaffold	94,894,093	171,228	123,274
GCA_001447575.1	Scaffold	48,199,882	170,698	32,628
GCA_001870725.1	Scaffold	129,764,172	168,391	95,407
GCA_016256075.1	Scaffold	41,908,660	166,218	3,965
GCA_029233205.1	Contig	239,517,387	161,578	9,100
GCA_010367655.1	Scaffold	68,793,540	148,091	64,581
GCA_014805405.1	Scaffold	34,027,225	147,352	46,113
GCA_900576705.1	Scaffold	144,223,730	144,577	120,599
GCA_900618345.1	Scaffold	84,642,940	144,124	29,635
GCA_900004735.1	Scaffold	115,022,610	143,916	120,542
GCA_000167175.1	Contig	29,842,250	133,674	86,069
GCA_900536315.3	Scaffold	86,335,402	133,495	112,338
GCA_004194705.1	Scaffold	227,228,821	127,981	90,606
GCA_900624965.1	Scaffold	265,463,912	127,662	27,715
GCA_000963465.1	Scaffold	11,714,180	125,682	93,554
GCA_000826505.1	Scaffold	114,322,241	121,385	20,048
GCA_013357325.1	Scaffold	50,070,272	117,021	18,768
GCA_000442195.1	Scaffold	299,070,827	114,173	9,324
GCA_900622545.1	Scaffold	289,351,506	108,479	71,711
GCA_000184105.1	Scaffold	28,356,058	107,322	21,594
GCA_000826425.1	Scaffold	99,062,859	106,086	39,979
GCA_945643635.1	Contig	352,146,914	104,821	145,588
GCA_000302655.1	Contig	48,882,833	104,649	17,147
GCA_000760515.2	Contig	5,635,072	100,276	4,031
GCA_000826445.1	Scaffold	83,321,312	96,961	19,238
GCA_008508345.1	Scaffold	876,357,177	96,330	14,724
GCA_900537205.1	Scaffold	95,347,607	95,444	120,537
GCA_000797535.1	Scaffold	62,907,066	95,277	51,642
GCA_000447185.1	Scaffold	8,513,856	95,199	235
GCA_002087915.1	Contig	3,095,189	94,949	2,113
GCA_000298755.1	Scaffold	262,590,036	92,910	74,537
GCA_015832245.1	Scaffold	8,834,943	91,688	311
GCA_901779485.1	Scaffold	47,617,765	91,222	48,214
GCA_900618415.1	Scaffold	212,973,050	90,071	1,406
GCA_028622995.1	Contig	265,853,464	89,635	96,612
GCA_900005855.1	Scaffold	23,877,187	84,417	2,473
GCA_000223415.1	Scaffold	74,356,772	82,517	167,270
GCA_001990825.1	Scaffold	34,120,674	81,236	43,926
GCA_001077375.1	Scaffold	95,347,607	78,971	119,225
GCA_001447455.1	Scaffold	47,222,616	78,523	5,107
GCA_001029375.2	Contig	66,713,539	77,511	28,932
GCA_900490775.1	Scaffold	222,408,857	77,237	64,568
GCA_014805555.1	Scaffold	10,378,794	74,986	0
GCA_021461655.1	Chromosome	408,397,200	73,484	260,381
GCA_009724625.1	Scaffold	93,153,961	73,331	10,536
GCA_003118255.1	Scaffold	24,055,884	70,460	50,542
GCA_001447585.1	Scaffold	51,167,848	68,612	23,921
GCA_900490955.1	Scaffold	180,352,191	67,161	107,304
GCA_000223845.4	Scaffold	13,637,874	65,853	39,365
GCA_000170615.1	Contig	41,285,888	65,021	54,210
GCA_012070555.1	Chromosome	96,392,906	62,290	84,189
GCA_001447725.1	Scaffold	48,104,622	61,245	17,341
GCA_900617985.1	Scaffold	122,873,129	60,642	47,250
GCA_900490825.1	Scaffold	242,231,587	60,372	50,431
GCA_016255985.1	Scaffold	2,205,630	59,896	44,046
GCA_010367685.1	Scaffold	63,561,231	58,241	66,398
GCA_003640385.1	Scaffold	78,758,812	57,375	8,007
GCA_008360955.1	Scaffold	720,117,733	57,361	16,492
GCA_000001985.1	Scaffold	28,467,480	56,668	53,239
GCA_009193035.1	Scaffold	61,421,878	56,512	31,795
GCA_000826385.1	Scaffold	75,191,921	55,474	28,064
GCA_001447755.1	Scaffold	46,693,037	54,147	19,708
GCA_004000155.1	Scaffold	7,536,915	53,982	0
GCA_000939815.1	Contig	98,599,102	53,605	505,743
GCA_000312925.2	Scaffold	13,271,357	53,169	47,568
GCA_000826305.1	Scaffold	75,199,922	51,894	16,596
GCA_001447435.1	Scaffold	50,567,997	50,715	23,666
GCA_900617895.1	Scaffold	248,051,386	49,124	24,370
GCA_002897235.1	Contig	14,453,397	48,518	79,155
GCA_026262505.1	Chromosome	181,427,070	48,060	37,460
GCA_000316135.1	Scaffold	7,706,555	48,017	0
GCA_025215515.1	Chromosome	404,370,401	48,013	85,427
GCA_000149735.1	Scaffold	54,424,536	46,075	8,824
GCA_001077395.1	Contig	84,878,920	45,559	133,269
GCA_000208925.2	Scaffold	20,771,095	42,905	14,525
GCA_001447675.1	Scaffold	48,257,612	42,133	22,603
GCA_000385855.2	Scaffold	13,851,317	40,272	1,672
GCF_000743755.1	Scaffold	12,917,697	39,829	2,425
GCA_900490875.1	Scaffold	266,602,839	39,400	38,933
GCA_900490895.1	Scaffold	232,461,474	38,481	51,681
GCA_901779475.1	Scaffold	117,974,128	37,267	9,191
GCA_024447225.1	Contig	74,454,495	36,407	71,619
GCA_029231655.1	Contig	177,059,798	36,054	9,895
GCA_001179505.1	Scaffold	71,768,977	34,792	34,723
GCA_000209125.2	Scaffold	30,503,664	34,500	121,794
GCA_000150805.1	Scaffold	80,778,247	34,323	108,569
GCA_944470545.2	Chromosome	685,114,177	34,259	18,442
GCA_027405815.1	Contig	1,036,793,689	34,235	7,282
GCA_029168955.1	Contig	1,036,793,689	34,235	7,020
GCA_000186765.1	Scaffold	76,497,192	33,866	18,237
GCA_012064415.1	Scaffold	83,305,350	33,866	2,607
GCA_023374025.1	Scaffold	174,309,215	33,645	9,539
GCA_000333975.2	Contig	8,179,979	33,443	26,921
GCA_013365375.1	Scaffold	65,189,881	32,807	43,205
GCA_025436335.1	Chromosome	73,003,726	32,352	20,768
GCA_918442805.1	Scaffold	153,501,534	30,837	55,375
GCA_029876185.1	Scaffold	74,839,131	28,612	38,194
GCA_011764315.1	Scaffold	59,068,658	28,263	32,476
GCA_900490845.1	Scaffold	198,553,437	27,982	35,674
GCA_000723445.1	Contig	13,840,936	27,269	42,366
GCA_002749535.1	Scaffold	38,738,167	26,793	7,853
GCA_916381525.1	Scaffold	76,934,820	26,327	4,426
GCA_000180755.1	Scaffold	81,507,962	25,745	36,125
GCA_000331205.1	Contig	6,254,841	25,046	24,044
GCA_900618445.1	Scaffold	164,748,043	24,609	2,808
GCA_029299675.1	Scaffold	2,815,222	23,650	19,384
GCA_005281725.1	Scaffold	87,014,592	23,507	67,679
GCA_001680135.1	Scaffold	229,367,318	22,521	6,171
GCA_000947215.1	Contig	42,661,029	22,420	511
GCA_918442845.1	Scaffold	148,299,775	22,150	37,804
GCA_001028725.1	Contig	52,138,309	20,713	24,827
GCA_004128815.1	Scaffold	74,595,039	19,667	49,349
GCA_000341325.1	Scaffold	62,073,019	19,665	14,947
GCA_001447565.2	Scaffold	47,104,796	18,961	17,229
GCA_002259205.1	Scaffold	252,156,326	18,913	28,291
GCA_014805365.1	Scaffold	177,125,596	18,880	11,602
GCA_017562135.1	Contig	109,012,297	17,723	28,849
GCA_013407085.1	Scaffold	599,404,735	17,186	24,022
GCF_000183805.2	Scaffold	87,518,593	16,983	96,877
GCA_000006355.3	Chromosome	24,384,598	16,886	12,078
GCA_002259215.1	Scaffold	241,715,821	16,824	25,932
GCA_003012265.1	Scaffold	77,473,044	16,631	4,995
GCA_020283715.1	Contig	9,109,172	16,403	8,324
GCA_013365325.1	Scaffold	81,561,392	15,725	24,452
GCA_000002715.1	Scaffold	27,850,641	15,717	97,277
GCA_000234665.4	Chromosome	32,074,503	15,478	33,990
GCA_900618425.1	Scaffold	768,992,840	15,280	16,890
FungiDB-61-Acandida2VRR	Scaffold	32,793,462	15,061	2,626
GCA_014805705.1	Scaffold	32,397,457	14,568	0
GCA_001447645.1	Scaffold	48,568,222	14,477	6,769
GCA_918442825.1	Scaffold	159,483,343	14,070	32,317
GCA_003843895.1	Scaffold	32,079,051	13,853	16,980
GCA_000330505.1	Scaffold	40,496,007	13,483	3,842
GCA_001447425.1	Scaffold	48,705,307	13,247	8,752
GCA_904845305.1	Scaffold	109,582,018	13,228	28,439
GCA_001447595.1	Scaffold	49,808,262	13,102	7,472
GCA_902702965.1	Scaffold	718,241,152	12,808	17,043
GCA_900617915.1	Scaffold	302,426,968	12,603	6,812
GCF_000257125.1	Scaffold	14,351,590	12,563	13,572
GCA_001990785.1	Scaffold	448,780,138	12,146	5,140
GCA_001299535.1	Scaffold	27,601,262	11,976	13,107
GCA_000006275.3	Scaffold	36,789,531	11,635	19,012
GCA_020449115.1	Scaffold	185,867,480	11,600	10,417
GCA_002600585.1	Scaffold	81,139,999	11,309	11,849
GCA_001460835.1	Scaffold	38,556,030	10,765	9,899
GCA_000701025.1	Scaffold	69,235,183	10,744	11,243
GCF_000006515.1	Scaffold	9,238,736	10,678	22,669
GCA_900536275.1	Scaffold	78,128,214	10,642	22,340
GCA_001447445.1	Scaffold	45,658,109	10,584	5,628
GCA_023343765.1	Scaffold	118,347,338	10,251	9,955
GCA_004148225.2	Chromosome	156,300,699	10,118	8,773
GCA_900618355.1	Scaffold	89,280,667	10,108	34,505
GCA_900883565.2	Scaffold	78,127,482	9,923	23,174
GCA_001457755.2	Scaffold	26,113,307	9,208	14,567
GCA_002796945.1	Scaffold	186,593,363	9,035	9,172
GCA_000816745.1	Scaffold	322,827,410	8,992	13,785
GCA_000520075.1	Scaffold	58,572,258	8,787	20,784
GCA_029748435.1	Chromosome	102,449,614	8,504	198,390
GCA_900617975.1	Scaffold	156,779,205	8,473	11,527
GCA_003336725.1	Scaffold	402,781,093	8,447	8,977
GCA_900079975.1	Scaffold	91,457,744	8,427	8,261
GCA_900067095.1	Scaffold	44,903,261	8,072	9,414
GCA_001026735.1	Scaffold	310,835,023	7,708	58,329
GCA_900624975.1	Scaffold	262,048,424	7,707	6,834
GCA_902702955.1	Scaffold	602,366,367	7,641	8,400
GCA_014805385.1	Scaffold	154,391,745	7,401	16,354
GCA_002867515.3	Scaffold	815,755,506	7,288	6,167
GCA_000180415.1	Contig	82,095,019	7,263	49,927
GCA_900622495.1	Scaffold	100,513,659	7,151	4,251
GCA_001723225.1	Scaffold	105,065,163	7,078	2,905
GCA_900618005.1	Scaffold	133,710,162	7,049	6,615
GCA_002148645.1	Scaffold	51,402,140	7,005	82,477
GCA_014805445.1	Scaffold	213,807,932	6,938	16,088
GCA_001884285.1	Scaffold	235,574,657	6,757	1,828
TriTrypDB-61-LtarentolaeParrotTarII	Chromosome	30,440,719	6,752	7,013
GCA_000727475.1	Scaffold	122,423,763	6,722	2,828
GCA_000499405.2	Scaffold	93,266,462	6,461	54,935
GCA_900537275.1	Scaffold	63,813,650	6,427	9,137
GCA_900003985.1	Scaffold	256,263,447	6,365	56,882
GCA_900618015.1	Scaffold	334,776,364	6,305	11,295,148
GCA_015252655.1	Scaffold	781,896,510	6,222	16,141
GCA_002563875.1	Chromosome	58,845,926	5,919	14,546
GCA_018350315.1	Scaffold	101,220,641	5,914	10,410
GCA_000936265.1	Contig	60,381,969	5,874	7,147
GCF_001040885.1	Chromosome	42,896,169	5,717	1,607
GCA_001293395.1	Scaffold	30,266,237	5,506	5,430
GCA_000499425.1	Scaffold	45,677,409	5,458	8,974
GCA_000499725.1	Scaffold	65,020,649	5,406	11,048
GCA_900119595.1	Scaffold	9,035,520	5,386	13,854
GCA_900491785.1	Scaffold	10,773,167	5,363	15,281
GCA_017562155.1	Contig	281,698,354	5,095	115,144
GCA_018350325.1	Scaffold	92,200,793	4,954	5,887
GCA_900536285.3	Scaffold	100,864,676	4,911	6,622
GCA_013368495.1	Scaffold	777,905,259	4,740	2,836
GCA_900097035.1	Chromosome	21,237,197	4,631	4,354
GCF_000002985.6	Complete Genome	100,286,401	4,631	176,762
GCA_000492115.1	Contig	15,111,138	4,605	0
GCA_014773135.1	Scaffold	41,549,113	4,425	3,590
GCA_900093555.2	Chromosome	28,899,270	4,412	17,461
GCA_000204055.1	Scaffold	97,682,699	4,385	123,943
GCA_002081675.1	Scaffold	3,252,945	4,217	5,266
GCA_002095265.1	Scaffold	8,397,745	4,163	6,907
GCA_900536345.3	Scaffold	90,256,594	4,035	14,229
GCA_018905775.1	Contig	42,101,073	3,845	26,792
GCF_000524195.1	Scaffold	110,106,964	3,793	8,597
GCA_000499745.2	Scaffold	66,895,571	3,736	8,811
GCA_900536305.3	Scaffold	101,072,304	3,339	9,752
GCA_900083525.1	Scaffold	89,881,517	3,310	8,197
GCA_002221735.1	Contig	116,379,726	3,194	2,371
GCA_001643735.4	Chromosome	124,498,641	3,133	11,685
GCA_000181695.1	Contig	8,958,094	3,120	7,542
GCA_900617995.1	Scaffold	326,279,473	3,105	8,632,828
GCA_002087885.1	Scaffold	4,538,111	2,979	0
GCA_001447745.1	Scaffold	49,096,326	2,920	8,289
GCF_000715545.1	Scaffold	572,111,430	2,852	5,437
GCA_000733445.1	Contig	96,405,388	2,705	485,302
GCA_013396185.1	Scaffold	42,614,554	2,702	10,964
GCF_000002995.4	Scaffold	86,878,348	2,577	138,379
GCA_000387505.2	Scaffold	42,804,114	2,570	2,648
GCA_900618365.1	Scaffold	74,617,119	2,567	3,510
GCA_900618435.1	Scaffold	517,333,403	2,536	15,537
GCA_900604375.1	Scaffold	116,274,440	2,502	3,982
GCA_000499605.1	Scaffold	45,874,462	2,454	16,630
GCA_019095935.1	Scaffold	174,307,393	2,448	9,109
GCA_000499445.1	Scaffold	55,968,490	2,434	4,571
GCA_000002845.2	Chromosome	31,986,892	2,421	1,284
GCA_000230245.1	Chromosome	18,138,966	2,378	8,988
GCA_900005765.1	Chromosome	22,579,648	2,320	3,051
GCA_002082475.1	Contig	114,435,817	2,244	1,664
GCA_002352805.1	Scaffold	576,109,770	2,156	443,436
GCA_000004985.1	Scaffold	36,295,096	2,129	3,512
GCA_004325045.1	Contig	18,344,352	2,127	0
GCA_902459845.2	Scaffold	19,920,082	2,120	1,767
GCA_000444285.2	Chromosome	30,987,001	1,993	448
GCA_024305405.1	Contig	86,813,779	1,888	88,373
GCA_003958945.1	Scaffold	360,800,354	1,689	14,685,980
GCA_001432165.1	Contig	5,248,409	1,635	0
GCA_005323645.1	Scaffold	68,871,526	1,632	29,671
GCA_001593455.1	Contig	8,493,640	1,621	12,844
GCA_900090035.2	Chromosome	33,388,657	1,598	2,198
GCA_000226395.1	Contig	32,203,817	1,588	17,415
GCA_000387465.2	Scaffold	41,664,801	1,519	4,320
GCA_001579705.1	Scaffold	108,829,417	1,494	911
GCA_029339935.1	Contig	169,059,770	1,466	322
GCA_900625125.1	Scaffold	103,582,672	1,443	10,540
GCA_000691245.1	Scaffold	20,791,447	1,438	393
GCA_901765195.1	Scaffold	83,255,419	1,360	1,743
GCA_000151295.1	Scaffold	52,624,944	1,350	21,658
GCA_900003945.1	Scaffold	235,486,090	1,333	39,932
GCA_000981365.1	Scaffold	90,087,259	1,285	4,330
GCA_000333855.2	Chromosome	32,004,424	1,259	1,294
GCA_004325065.1	Contig	20,734,143	1,258	0
GCA_020449905.1	Scaffold	112,275,158	1,243	16,490
GCA_000003125.1	Scaffold	35,558,430	1,188	45,099
GCA_018136835.1	Contig	95,972,472	1,183	362,366
GCA_001693035.2	Scaffold	164,406,061	1,173	3,347
GCA_001280985.1	Scaffold	82,472,903	1,139	19,632
GCA_000350365.1	Scaffold	48,808,043	1,135	5,330
GCA_003693675.1	Scaffold	162,351,025	980	9,579
GCA_001875675.1	Scaffold	5,610,805	954	412
GCA_900536325.3	Scaffold	64,717,952	945	11,896
GCA_003184535.1	Contig	34,792,412	864	85,177
GCA_000944355.1	Contig	47,120,089	812	2,045
GCA_900537255.1	Scaffold	77,175,447	763	1,799
GCA_900536415.3	Scaffold	100,282,591	754	32,106
GCA_013403715.1	Contig	103,051,919	744	376,433
GCA_001839685.1	Scaffold	65,299,827	713	713
GCA_007637855.2	Chromosome	448,432,379	696	4,620
GCA_027406325.1	Scaffold	13,151,254	691	1,080
GCA_900491355.1	Scaffold	178,308,095	648	11,206
GCF_000004555.2	Chromosome	105,416,539	643	12,281
GCA_000182985.1	Contig	7,860,219	616	223
GCA_944470395.1	Scaffold	423,339,437	602	325,558
GCA_002207785.1	Scaffold	169,445,850	563	13,331
GCA_000701005.1	Scaffold	71,810,753	560	8,556
GCA_900490705.1	Scaffold	194,517,820	543	7,733
GCA_000149925.1	Scaffold	81,600,488	542	69,865
GCA_001890905.1	Scaffold	35,185,919	535	22,775
GCA_000688135.1	Scaffold	300,901,610	529	6,859
GCA_008704595.1	Scaffold	13,433,577	526	9,245
GCA_000002855.2	Scaffold	33,930,422	516	25,612
GCA_000213175.1	Scaffold	38,490,826	500	796
GCA_002276285.1	Contig	37,626,594	311	99,948
GCA_000387425.2	Scaffold	42,676,619	272	1,804
GCA_003693565.1	Scaffold	162,847,002	213	13,458
GCA_008807815.1	Chromosome	24,751,815	213	5,102
GCA_000387545.2	Scaffold	33,582,665	82	5,062
GCA_001642055.1	Scaffold	32,986,874	0	3,313
GCA_000820605.1	Contig	33,205,449	0	10,648
GCA_000182895.1	Contig	36,192,556	0	5,361
GCA_002914575.1	Scaffold	22,738,010	0	350
GCA_000975215.1	Chromosome	98,298,214	0	164,068
GCA_002849105.1	Contig	37,847,960	0	277,922
GCA_000149645.4	Scaffold	31,368,615	0	54,643
GCA_000219625.1	Chromosome	39,678,910	0	9,140
GCA_000835555.1	Scaffold	32,433,268	0	0
GCA_000230595.3	Scaffold	50,748,798	0	2,466
GCA_002600895.1	Chromosome	941,969,851	0	36,753
GCA_000313135.1	Scaffold	39,443,455	0	5,926
GCA_000409445.2	Chromosome	30,528,139	0	937
GCA_000226545.1	Contig	34,250,760	0	523
FungiDB-61-NdiscretaFGSC8579	Scaffold	37,145,397	0	22,678
GCA_000227135.2	Chromosome	31,252,135	0	1,242
GCA_002237265.2	Contig	30,945,974	0	21,534
GCA_001188465.1	Contig	1,040,124,789	0	3,125,506
GCA_024862765.1	Contig	12,816,698	0	5,707
GCA_000149035.1	Scaffold	50,906,596	0	19,560
GCA_002271815.1	Scaffold	41,633,439	0	3,635
GCA_001700775.1	Scaffold	29,802,520	0	4,651
GCA_001447935.2	Contig	11,697,257	0	7,178
GCA_000441995.1	Scaffold	30,871,804	0	758
GCA_002221485.1	Chromosome	64,698,596	0	71,052
GCA_000956335.1	Scaffold	22,936,786	0	1,445
GCA_001444555.1	Contig	24,807,186	0	9,898
GCA_001693075.2	Scaffold	166,314,755	0	2,028
GCA_001890105.1	Scaffold	26,015,890	0	4,857
GCA_001890125.1	Scaffold	33,121,003	0	123
GCA_001445615.2	Contig	30,774,200	0	80,171
GCA_000757645.3	Chromosome	84,059,253	0	4,852
GCA_001636715.1	Scaffold	20,034,979	0	8,559
GCA_001263375.1	Scaffold	71,015,930	0	7,436
GCA_000149425.1	Scaffold	10,574,537	0	27,342
GCA_000277815.3	Chromosome	2,251,784	0	2,339
GCA_001865345.1	Scaffold	8,968,667	0	3,149
FungiDB-61-PcinnamomiCBS144-22	Scaffold	58,248,003	0	13,367
GCA_000002445.1	Chromosome	26,071,887	0	10,696
GCA_000002495.2	Chromosome	40,949,321	0	1,367
GCA_000002515.1	Complete Genome	10,689,112	0	15,118
GCA_000002525.1	Chromosome	20,501,810	0	360
GCA_000002545.2	Chromosome	12,317,945	0	6,263
GCA_000002655.1	Chromosome	28,809,958	0	11,247
GCA_000002725.2	Complete Genome	32,855,082	0	1,082
GCA_000002765.3	Complete Genome	23,332,839	0	4,354
GCA_000002945.2	Chromosome	12,590,849	0	12,677
GCA_000003225.1	Chromosome	8,357,924	0	5,026
GCA_000003515.2	Scaffold	22,168,071	0	43,948
GCA_000003525.2	Scaffold	66,270,669	0	29,344
GCA_000003835.1	Scaffold	12,079,919	0	14,716
GCA_000003855.2	Scaffold	74,393,771	0	19,452
GCA_000006335.3	Scaffold	14,575,599	0	26,890
GCA_000006425.2	Scaffold	8,914,723	0	7,334
GCA_000006445.2	Chromosome	12,151,761	0	9,867
GCA_000026945.1	Complete Genome	14,618,422	0	9,429
GCA_000091045.1	Chromosome	19,050,125	0	8,079
GCA_000091225.2	Chromosome	2,496,714	0	896
GCA_000143045.1	Scaffold	42,791,458	0	15,658
GCA_000143365.1	Scaffold	34,336,862	0	34,244
GCA_000143535.4	Complete Genome	42,630,066	0	103,083
GCA_000145635.1	Scaffold	40,978,414	0	27,875
GCA_000146045.2	Complete Genome	12,071,326	0	259,373
GCA_000146465.1	Chromosome	2,216,798	0	1,695
GCA_000149205.2	Scaffold	30,101,741	0	9,964
GCA_000149305.1	Scaffold	45,324,238	0	7,260
GCA_000149335.2	Scaffold	29,015,619	0	16,668
GCA_000149555.1	Chromosome	41,794,269	0	31,855
GCA_000149615.1	Scaffold	29,230,766	0	16,980
GCA_000149685.1	Scaffold	15,460,620	0	17,122
GCA_000149755.2	Scaffold	79,327,257	0	11,817
GCA_000149845.2	Scaffold	11,135,996	0	10,601
GCA_000149865.1	Scaffold	23,577,733	0	20,343
GCA_000149955.2	Chromosome	60,011,252	0	152,192
GCA_000150475.2	Scaffold	28,836,656	0	18,607
GCA_000150505.2	Scaffold	11,262,981	0	7,046
GCA_000150705.2	Scaffold	32,625,232	0	43,367
GCA_000151145.1	Scaffold	23,137,485	0	12,775
GCA_000151355.1	Scaffold	51,230,360	0	1,845
GCA_000151425.1	Scaffold	22,127,963	0	865
GCA_000151455.1	Scaffold	22,505,389	0	9,482
GCA_000151545.2	Scaffold	48,176,889	0	11,234
GCA_000165345.1	Chromosome	9,087,655	0	4,988
GCA_000165365.1	Chromosome	8,347,606	0	5,097
GCA_000165395.2	Chromosome	8,228,827	0	5,134
GCA_000167675.2	Scaffold	33,348,438	0	5,913
GCA_000170175.2	Scaffold	27,427,344	0	25,626
GCA_000170995.2	Scaffold	39,022,652	0	19,289
GCA_000180635.4	Chromosome	154,957,827	0	15,731
GCA_000181795.3	Chromosome	58,591,653	0	82,530
GCA_000182565.2	Scaffold	23,906,001	0	7,608
GCA_000182765.2	Contig	13,030,174	0	5,941
GCA_000182925.2	Chromosome	41,061,603	0	79,404
GCA_000182965.3	Chromosome	14,276,300	0	18,729
GCA_000184455.3	Chromosome	37,117,683	0	41,771
GCA_000185945.1	Chromosome	18,361,682	0	49,422
GCA_000187025.3	Chromosome	297,011,616	0	12,996
GCA_000192795.1	Scaffold	6,033,822	0	0
GCA_000193285.1	Scaffold	34,673,006	0	21,598
GCA_000208865.2	Chromosome	57,524,119	0	1,754
GCA_000226095.1	Complete Genome	38,744,216	0	7,077
GCA_000230625.1	Scaffold	26,372,207	0	457
GCA_000231115.1	Scaffold	3,148,732	0	319
GCA_000231135.1	Contig	73,085,728	0	46,697
GCA_000237925.5	Chromosome	391,379,333	0	1,917,498
GCA_000247585.2	Scaffold	53,871,265	0	5,321
GCA_000250695.1	Scaffold	4,649,639	0	116
GCA_000250985.1	Scaffold	4,029,056	0	115
GCA_000271645.1	Scaffold	27,987,508	0	8,544
GCA_000280035.2	Chromosome	2,187,595	0	0
GCA_000281045.1	Scaffold	40,460,948	0	101
GCA_000293215.1	Scaffold	24,303,834	0	13,328
GCA_000328475.2	Chromosome	19,641,656	0	1,555
GCA_000331325.2	Chromosome	41,296,350	0	8,159
GCA_000331935.3	Scaffold	278,837,140	0	14,252
GCA_000340495.1	Scaffold	30,965,649	0	1,079
GCA_000342415.1	Chromosome	11,674,479	0	5,529
GCA_000347355.1	Scaffold	30,901,871	0	7,267
GCA_000365145.2	Scaffold	28,719,617	0	0
GCA_000387445.2	Scaffold	34,264,281	0	4,060
GCA_000400815.2	Complete Genome	36,150,287	0	15,692
GCA_000401635.1	Scaffold	34,134,616	0	1,224
GCA_000410695.2	Chromosome	30,769,451	0	950
GCA_000410715.1	Scaffold	31,323,065	0	853
GCA_000410735.1	Scaffold	32,504,266	0	676
GCA_000410755.2	Chromosome	30,426,963	0	908
GCA_000430065.1	Contig	4,979,932	0	0
GCA_000438535.1	Scaffold	29,003,854	0	534
GCA_000439145.3	Scaffold	129,782,361	0	16,757
GCA_000443025.1	Scaffold	30,818,428	0	452
GCA_000469685.2	Chromosome	277,739,597	0	19,603
GCA_000469805.3	Chromosome	162,456,563	0	19,985
GCA_000497125.2	Chromosome	14,413,411	0	116
GCA_000499385.1	Scaffold	54,911,932	0	4,112
GCA_000507425.3	Scaffold	25,191,614	0	666
GCA_000507465.3	Scaffold	22,592,271	0	181
GCA_000512565.2	Scaffold	23,858,104	0	0
GCA_000512585.2	Scaffold	24,346,955	0	0
GCA_000520115.1	Scaffold	41,452,125	0	4,716
GCA_000524495.1	Scaffold	26,201,470	0	1,993
GCA_000585535.1	Scaffold	39,333,014	0	199
GCA_000612645.2	Scaffold	110,110,664	0	20,826
GCA_000691945.2	Chromosome	6,466,626	0	4,388
GCA_000697685.1	Scaffold	34,342,639	0	11,945
GCA_000709125.1	Scaffold	40,982,715	0	541
GCA_000723665.1	Scaffold	30,977,301	0	1,394
GCA_000723685.1	Scaffold	23,917,262	0	2,284
GCA_000732125.1	Scaffold	43,202,131	0	7,126
GCA_000732565.1	Scaffold	36,268,535	0	5,344
GCA_000740895.1	Complete Genome	9,006,764	0	5,086
GCA_000797555.1	Scaffold	351,605,877	0	2,580
GCA_000803265.1	Contig	2,290,528	0	351
GCA_000814975.1	Scaffold	38,325,361	0	6,967
GCA_000831705.1	Contig	9,509,783	0	2,809
GCA_000835455.1	Scaffold	34,632,884	0	541
GCA_000835475.1	Scaffold	36,639,109	0	272
GCA_000835495.1	Scaffold	42,968,387	0	323
GCA_000835515.1	Scaffold	37,920,466	0	330
GCA_000836115.1	Scaffold	32,873,413	0	99
GCA_000836275.1	Scaffold	29,256,826	0	143
GCA_000836295.1	Scaffold	31,348,514	0	270
GCA_000961545.1	Contig	32,374,918	0	8,132
GCA_001593445.1	Contig	8,973,200	0	2,379
GCA_001598995.1	Scaffold	24,794,316	0	252
GCA_001599035.1	Scaffold	36,961,169	0	309
GCA_001602025.1	Chromosome	19,966,537	0	1,436
GCA_001638945.1	Contig	36,567,582	0	9,222
GCA_001638985.2	Scaffold	53,368,560	0	12,177
GCA_001642395.1	Scaffold	3,057,189	0	116
GCA_001642415.1	Scaffold	4,394,323	0	347
GCA_001643675.2	Contig	82,301,135	0	19,304
GCA_001660665.1	Scaffold	29,707,524	0	521
GCA_001680005.1	Chromosome	27,685,430	0	2,358
GCA_001692895.1	Scaffold	177,343,869	0	5,453
GCA_001717485.1	Scaffold	28,318,751	0	19,590
GCA_001747055.1	Scaffold	8,805,186	0	11,583
GCA_001857865.1	Chromosome	38,906,497	0	43,800
GCA_001865355.1	Scaffold	9,084,332	0	2,419
GCA_001883805.1	Scaffold	32,310,524	0	9,803
GCA_001883825.1	Scaffold	32,381,861	0	489
GCA_001889945.1	Scaffold	35,651,645	0	4,224
GCA_001890685.1	Scaffold	37,304,755	0	5,817
GCA_001890705.1	Scaffold	34,349,148	0	1,298
GCA_001890725.1	Scaffold	31,295,010	0	2,059
GCA_001890745.1	Scaffold	35,139,854	0	3,424
GCA_001890805.1	Scaffold	27,781,411	0	4,026
GCA_001923025.3	Chromosome	240,480,060	0	125,183
GCA_001983305.1	Contig	12,188,250	0	40,202
GCA_002006685.2	Contig	73,346,731	0	101,107
GCA_002079055.1	Chromosome	12,075,453	0	98,703
GCA_002083745.1	Scaffold	24,892,044	0	330
GCA_002087225.1	Scaffold	25,689,031	0	1,453
GCA_002110485.1	Contig	35,498,521	0	62,041
GCA_002127715.1	Contig	49,777,326	0	36,896
GCA_002247145.1	Scaffold	40,434,457	0	6,281
GCA_002259225.3	Chromosome	132,046,141	0	20,458
GCA_002259235.2	Scaffold	120,366,962	0	15,216
GCA_002269645.1	Scaffold	762,829,307	0	105,286
GCA_002742825.1	Chromosome	129,435,387	0	75,758
GCA_002759435.2	Scaffold	12,365,659	0	24,240
GCA_002778205.2	Scaffold	36,814,536	0	7,825
GCA_002846915.2	Contig	27,718,211	0	85,850
GCA_002847465.1	Contig	32,440,129	0	108,735
GCA_002847485.1	Contig	28,257,496	0	104,687
GCA_002911725.1	Scaffold	107,397,801	0	9,254
GCA_002920065.1	Scaffold	84,627,742	0	25,485
GCA_002921335.1	Scaffold	25,288,733	0	323
GCA_002926055.1	Contig	13,314,323	0	50,678
GCA_002926085.1	Contig	12,580,400	0	21,807
GCA_002954075.1	Chromosome	17,580,959	0	10,665
GCA_003013735.1	Scaffold	12,590,698	0	7,445
GCA_003052745.1	Chromosome	122,580,819	0	28,072
GCA_003054445.1	Complete Genome	10,863,895	0	12,630
GCA_003133805.1	Contig	284,032,373	0	137,081
GCA_003184545.1	Contig	35,607,567	0	360,419
GCA_003184825.1	Scaffold	36,500,514	0	5,114
GCA_003290485.1	Complete Genome	7,369,627	0	14,814
GCA_003324165.2	Scaffold	30,876,303	0	611
GCA_003604175.2	Chromosome	555,231,785	0	11,311
GCA_003693605.1	Scaffold	74,621,421	0	5,231
GCA_003693625.1	Scaffold	149,871,018	0	17,141
GCA_003693645.1	Contig	121,519,182	0	1,645
GCA_003814445.1	Complete Genome	35,023,690	0	10,421
GCA_004000055.1	Contig	36,645,795	0	95,715
GCA_004359215.2	Chromosome	91,013,646	0	35,378
GCA_004526295.1	Chromosome	102,845,785	0	180,258
GCA_004794785.1	Scaffold	607,001,493	0	7,089
GCA_004798825.1	Scaffold	36,538,144	0	15,559
GCA_004936735.2	Scaffold	9,052,107	0	2,486
GCA_005656395.1	Contig	58,232,448	0	2,133
GCA_006247105.1	Chromosome	9,777,924	0	0
GCA_006461475.1	Scaffold	1,067,955,917	0	25,202
GCA_006535955.1	Scaffold	21,374,948	0	2,398
GCA_007210665.1	Scaffold	8,937,304	0	2,619
GCA_007674295.1	Chromosome	3,171,317	0	0
GCA_008080495.1	Complete Genome	33,618,380	0	13,110
GCA_008704605.1	Scaffold	20,497,720	0	391
GCA_008728235.1	Complete Genome	31,885,420	0	70,155
GCA_008807755.1	Chromosome	42,081,291	0	2,486
GCA_008807775.1	Chromosome	41,201,932	0	6,395
GCA_008807795.1	Chromosome	47,420,314	0	3,146
GCA_009176385.1	Scaffold	38,384,359	0	4,900
GCA_009650685.1	Chromosome	17,886,378	0	19,213
GCA_009761265.1	Scaffold	47,154,361	0	1,171
GCA_009768925.2	Scaffold	9,110,870	0	2,730
GCA_009792415.2	Scaffold	9,058,925	0	2,542
GCA_013357305.1	Scaffold	50,535,140	0	2,126
GCA_013365315.1	Scaffold	63,946,925	0	11,299
GCA_013365355.1	Scaffold	83,711,010	0	679,506
GCA_013425905.1	Chromosome	60,163,038	0	7,158
GCA_013433145.1	Scaffold	278,629,075	0	7,868
GCA_014132215.1	Scaffold	193,150,271	0	93,952
GCA_014183025.1	Scaffold	34,305,769	0	7,384
GCA_014220965.1	Scaffold	616,603,129	0	10,526
GCA_014338405.1	Scaffold	836,460,056	0	6,218
GCA_014607475.1	Complete Genome	37,134,214	0	22,247
GCA_014843625.1	Complete Genome	27,994,426	0	158
GCA_015183025.1	Contig	47,730,907	0	224
GCA_015183035.1	Contig	47,477,280	0	878
GCA_015183065.1	Contig	46,924,610	0	508
GCA_015227635.1	Scaffold	294,989,561	0	13,934
GCA_015680885.1	Scaffold	140,269,496	0	23,419
GCA_016618375.1	Scaffold	94,175,927	0	236,551
GCA_016735795.1	Chromosome	81,451,603	0	1,899
GCA_016801405.1	Chromosome	37,019,737	0	22,073
GCA_016989095.1	Chromosome	108,678,471	0	370,612
GCA_016989105.1	Chromosome	102,904,736	0	327,006
GCA_016989115.1	Chromosome	104,177,918	0	386,537
GCA_016989125.1	Complete Genome	105,787,077	0	338,688
GCA_016989145.1	Contig	103,056,687	0	371,276
GCA_016989235.1	Contig	103,782,823	0	345,612
GCA_016989245.1	Contig	104,142,053	0	347,138
GCA_016989275.1	Contig	114,241,212	0	415,543
GCA_016989285.1	Contig	102,916,164	0	353,588
GCA_016989295.1	Contig	103,800,801	0	351,737
GCA_016989365.1	Contig	103,273,517	0	317,625
GCA_016989385.1	Contig	103,274,927	0	366,611
GCA_016989455.1	Contig	105,609,511	0	373,970
GCA_016989505.1	Contig	103,392,894	0	346,969
GCA_017301755.1	Complete Genome	7,303,369	0	4,059
GCA_017591395.1	Scaffold	625,199,799	0	100,198
GCA_017655625.1	Scaffold	13,093,264	0	16,403
GCA_017788925.1	Scaffold	7,382,618	0	4,042
GCA_017916335.1	Chromosome	34,192,569	0	957
GCA_017918215.1	Chromosome	35,953,057	0	1,294
GCA_017918225.1	Chromosome	34,118,094	0	1,265
GCA_017918235.1	Chromosome	34,958,218	0	1,173
GCA_018104335.1	Scaffold	1,347,762,911	0	1,104,741
GCA_018127085.1	Chromosome	8,274,826	0	4,118
GCA_018136795.1	Contig	95,198,557	0	345,222
GCA_018398725.1	Scaffold	8,909,892	0	2,395
GCA_018806985.1	Scaffold	279,944,320	0	9,628
GCA_018990105.1	Scaffold	142,529,424	0	18,439
GCA_019968955.1	Scaffold	8,810,643	0	116
GCA_020186115.1	Scaffold	43,414,713	0	0
GCA_020450165.1	Contig	102,883,386	0	181,023
GCA_020509355.1	Scaffold	21,403,870	0	568
GCA_020875895.1	Scaffold	223,437,033	0	5,017
GCA_021491975.1	Chromosome	106,192,558	0	14,884
GCA_021556725.1	Chromosome	168,957,719	0	65,158
GCA_021653875.1	Scaffold	3,786,698	0	115
GCA_021821965.1	Contig	2,206,487	0	394
GCA_022059095.1	Contig	23,303,718	0	1,666
GCA_022343465.1	Contig	128,886,982	0	12,047
GCA_022343505.1	Chromosome	72,803,202	0	8,213
GCA_022453885.1	Chromosome	106,951,792	0	19,269
GCA_022537955.1	Scaffold	773,867,583	0	21,103
GCA_022984815.1	Contig	103,460,487	0	192,731
GCA_023375655.1	Scaffold	106,889,530	0	11,301
GCA_023705535.1	Scaffold	8,364,143	0	2,133
GCA_023968675.1	Chromosome	210,514,865	0	53,222
GCA_024678965.1	Scaffold	80,464,700	0	7,608
GCA_024699835.1	Contig	46,756,815	0	18,548
GCA_024699875.1	Scaffold	44,691,555	0	15,357
GCA_024699915.1	Scaffold	44,700,143	0	40,175
GCA_025449415.1	Scaffold	12,107,308	0	100
GCA_025699415.1	Contig	61,614,611	0	38,937
GCA_025895645.1	Contig	216,531,548	0	2,086
GCA_027406405.1	Contig	20,102,801	0	8,804
GCA_027406425.1	Scaffold	12,692,738	0	0
GCA_027406465.1	Scaffold	12,267,080	0	0
GCA_027920645.1	Chromosome	128,469,192	0	19,394
GCA_028201415.1	Contig	98,826,088	0	163,167
GCA_028201515.1	Contig	100,427,386	0	169,106
GCA_028672205.1	Scaffold	131,542,718	0	15,198
GCA_029291075.1	Contig	939,802,929	0	29,331
GCA_029581135.1	Chromosome	105,507,276	0	13,620
GCA_029582065.1	Chromosome	44,372,495	0	1,594
GCA_900002335.2	Complete Genome	18,973,757	0	2,784
GCA_900002375.2	Chromosome	18,780,606	0	3,312
GCA_900002385.2	Complete Genome	23,083,521	0	3,127
GCA_900044065.1	Scaffold	45,713,518	0	931
GCA_900044135.1	Chromosome	38,047,942	0	75,808
GCA_900079805.1	Chromosome	43,807,812	0	6,982
GCA_900090045.1	Chromosome	33,618,035	0	1,783
GCA_900095595.1	Chromosome	24,796,794	0	4,091
GCA_900096555.1	Chromosome	692,450,925	0	20,080
GCA_900097015.1	Chromosome	22,190,291	0	4,209
GCA_900149145.1	Complete Genome	7,786,082	0	13,854
GCA_900180395.1	Chromosome	30,657,612	0	2,457
GCA_900184235.1	Scaffold	59,452,313	0	5,103
GCA_900200055.1	Contig	347,480,154	0	62,511
GCA_900231805.1	Contig	46,742,176	0	0
GCA_900257145.2	Chromosome	20,307,785	0	2,776
GCA_900290415.1	Chromosome	34,157,309	0	2,499
GCA_900380275.1	Scaffold	167,014,498	0	7,356
GCA_900500625.2	Complete Genome	32,803,248	0	1,181
GCA_900519115.1	Chromosome	140,663,486	0	154,732
GCA_900536235.3	Scaffold	92,694,461	0	3,361
GCA_900536295.3	Scaffold	103,015,225	0	8,920
GCA_900618395.1	Scaffold	363,933,805	0	19,248,545
GCA_900618405.1	Scaffold	281,787,967	0	4,568
GCA_900618505.1	Scaffold	522,709,189	0	15,001
GCA_900631915.1	Contig	163,453,184	0	9,017
GCA_900631935.1	Contig	32,872,664	0	136
GCA_900681995.1	Complete Genome	18,374,134	0	3,267
GCA_900708905.1	Scaffold	167,972,465	0	371
GCA_902177915.1	Scaffold	167,946,785	0	371
GCA_902651635.1	Scaffold	53,949,838	0	4,215
GCA_902706615.1	Contig	209,155,305	0	138,905
GCA_902829315.1	Contig	62,726,283	0	6,924
GCA_903797545.1	Scaffold	240,052,909	0	112,103
GCA_903994135.1	Scaffold	240,052,909	0	113,494
GCA_903995115.1	Complete Genome	20,976,081	0	3,115
GCA_904066225.2	Scaffold	69,954,831	0	5,956
GCA_904066235.2	Scaffold	78,260,759	0	45,777
GCA_904067135.1	Scaffold	78,260,759	0	45,773
GCA_904067145.1	Scaffold	69,954,831	0	5,832
GCA_905310635.1	Chromosome	53,215,962	0	13,491
GCA_907275115.1	Chromosome	396,843,292	0	5,578,675
GCA_911812115.1	Scaffold	169,540,605	0	12,891
GCA_932521025.1	Chromosome	65,791,359	0	31,797
GCA_932521035.1	Contig	70,352,590	0	4,170
GCA_932521405.1	Chromosome	62,259,853	0	6,730
GCA_932521415.1	Chromosome	47,760,781	0	5,712
GCA_943737045.1	Contig	251,641,265	0	55,445
GCA_944470205.1	Scaffold	394,845,898	0	4,831,185
GCA_944470365.1	Chromosome	385,983,128	0	4,807,900
GCA_944470375.1	Scaffold	379,228,771	0	4,427,213
GCA_944470385.2	Scaffold	382,241,571	0	4,985,489
GCA_944470405.1	Scaffold	389,224,454	0	3,323,249
GCA_944470415.1	Chromosome	388,465,650	0	1,805,867
GCA_944470425.1	Chromosome	391,756,303	0	4,546,340
GCA_944470435.2	Scaffold	413,299,306	0	1,723,528
GCA_944470445.2	Scaffold	406,116,441	0	4,213,713
GCA_944470455.2	Chromosome	390,638,621	0	4,003,135
GCA_944470465.2	Chromosome	431,515,322	0	4,534,671
GCA_944470555.1	Scaffold	665,164,197	0	696,986
GCA_944472135.1	Scaffold	954,078,278	0	124,712
GCA_944472155.1	Scaffold	1,114,318,195	0	172,258
GCA_944474145.1	Chromosome	1,883,523,968	0	28,187
GCA_944474815.1	Scaffold	396,843,292	0	6,017,064
GCA_946814055.1	Scaffold	59,010,448	0	39,896
GCA_946903255.1	Chromosome	390,011,600	0	3,667,038
GCA_947359475.1	Scaffold	648,477,975	0	68,243
GCA_947359485.1	Scaffold	310,519,831	0	1,161,007
GCA_947396875.1	Chromosome	625,855,423	0	79,049
GCA_947396885.1	Scaffold	655,933,348	0	34,919
GCA_947459285.1	Scaffold	71,365,878	0	16,832
GCF_000002435.2	Chromosome	11,673,475	0	225
GCF_000151665.1	Scaffold	18,743,698	0	35,437
GCF_000699445.3	Chromosome	400,248,827	0	4,963,138
PlasmoDB-61-Pvivax-likePvl01	Chromosome	22,173,509	0	646
TriTrypDB-61-TevansiSTIB805	Chromosome	25,432,062	0	7,752