Taxonomic Group	NCBI Accession ID	Length
Other eukaryotes	GCA_000826245.1	83,219,492
Other eukaryotes	GCA_000313135.1	39,443,455
Other eukaryotes	GCA_000826265.1	55,280,243
Other eukaryotes	GCA_000826305.1	75,199,922
Other eukaryotes	GCA_000826285.1	65,839,791
Other eukaryotes	GCA_000826425.1	99,062,859
Other eukaryotes	GCA_000826465.1	106,512,939
Other eukaryotes	GCA_000826325.1	103,249,818
Other eukaryotes	GCA_000826505.1	114,322,241
Other eukaryotes	GCA_000826445.1	83,321,312
Other eukaryotes	GCA_000826385.1	75,191,921
Nematoda	GCA_900537255.1	77,175,447
Nematoda	GCA_900406225.1	247,818,953
Other eukaryotes	FungiDB-61-Acandida2VRR	32,793,462
Other eukaryotes	FungiDB-61-AlaibachiiNc14	32,766,339
Nematoda	GCA_014805415.1	275,514,220
Nematoda	GCA_945643635.1	352,146,914
Fungi	GCA_000151295.1	52,624,944
Fungi	GCA_001642055.1	32,986,874
Fungi	GCA_001430945.1	34,644,497
Fungi	GCA_001430935.1	27,676,032
Fungi	GCA_001875675.1	5,610,805
Nematoda	GCA_003336725.1	402,781,093
Nematoda	GCA_000402015.1	303,727,273
Nematoda	GCA_000688135.1	300,901,610
Nematoda	GCA_000816745.1	322,827,410
Nematoda	GCA_000331205.1	6,254,841
Nematoda	GCA_001884285.1	273,602,597
Nematoda	GCA_009735665.1	235,574,657
Nematoda	GCA_900624975.1	262,048,424
Nematoda	GCA_018806985.1	279,944,320
Other eukaryotes	GCA_903995115.1	20,976,081
Nematoda	GCA_029339935.1	169,059,770
Nematoda	GCA_900576815.1	143,524,920
Nematoda	GCA_900617985.1	122,873,129
Fungi	GCA_000385855.2	13,851,317
Fungi	GCA_007674295.1	3,171,317
Other eukaryotes	GCA_000520075.1	58,572,258
Other eukaryotes	GCA_000520115.1	41,452,125
Nematoda	GCA_024699835.1	44,700,143
Nematoda	GCA_024699855.1	47,420,495
Nematoda	GCA_024699875.1	44,691,555
Nematoda	GCA_024699915.1	46,756,815
Nematoda	GCA_029619545.1	50,288,344
Nematoda	GCA_024699845.1	46,428,382
Nematoda	GCA_024699865.1	143,831,857
Nematoda	GCA_020875895.1	223,437,033
Fungi	GCA_001598995.1	24,794,316
Nematoda	GCA_027405815.1	1,036,793,689
Nematoda	GCA_029168955.1	1,036,793,689
Fungi	GCA_002749535.1	38,738,167
Fungi	GCA_004000055.1	36,645,795
Nematoda	GCA_015227635.1	294,989,561
Nematoda	GCA_000187025.3	278,629,075
Nematoda	GCA_000298755.1	262,590,036
Nematoda	GCA_000331935.3	278,837,140
Nematoda	GCA_013433145.1	297,011,616
Fungi	GCA_001636715.1	20,034,979
Fungi	GCA_001890905.1	35,185,919
Fungi	GCA_001889945.1	35,651,645
Fungi	GCA_002847485.1	28,257,496
Fungi	GCA_001990825.1	34,120,674
Fungi	GCA_000002715.1	27,850,641
Fungi	GCA_001717485.1	28,318,751
Fungi	GCA_003184535.1	34,792,412
Fungi	GCA_003184825.1	36,500,514
Fungi	GCA_000149645.4	31,368,615
Fungi	GCA_000006275.3	36,789,531
Fungi	GCA_000002655.1	28,809,958
Fungi	GCA_001890805.1	27,781,411
Fungi	GCA_003184545.1	35,607,567
Fungi	GCA_001445615.2	30,774,200
Fungi	GCA_001890685.1	37,304,755
Fungi	GCA_000149205.2	30,101,741
Fungi	GCA_000002855.2	33,930,422
Fungi	GCA_002847465.1	32,440,129
Fungi	GCA_002846915.2	27,718,211
Fungi	GCA_000184455.3	37,117,683
Fungi	GCA_009176385.1	38,384,359
Fungi	GCA_002849105.1	37,847,960
Fungi	GCA_001890705.1	34,349,148
Fungi	GCA_004798825.1	36,538,144
Fungi	GCA_000149615.1	29,230,766
Fungi	GCA_002237265.2	30,945,974
Fungi	GCA_001890745.1	35,139,854
Fungi	GCA_001890125.1	33,121,003
Fungi	GCA_001890725.1	31,295,010
Platyhelminthes	GCA_013407085.1	599,404,735
Nematoda	GCA_947366455.1	59,725,703
Nematoda	GCA_943334845.2	53,929,085
Other eukaryotes	GCA_000723445.1	13,840,936
Other eukaryotes	GCA_000165395.2	8,228,827
Other eukaryotes	GCA_024862765.1	12,816,698
Other eukaryotes	GCA_018398725.1	8,909,892
Other eukaryotes	GCA_000691945.2	6,466,626
Other eukaryotes	GCA_002897235.1	14,453,397
Other eukaryotes	GCA_023705535.1	8,364,143
Other eukaryotes	GCA_002095265.1	8,397,745
Fungi	GCA_000149865.1	23,577,733
Fungi	GCA_002006685.2	73,346,731
Nematoda	GCA_022845575.1	252,489,176
Nematoda	GCA_006503575.1	232,367,060
Nematoda	GCA_022844625.1	266,967,996
Fungi	GCA_014607475.1	37,134,214
Platyhelminthes	GCA_016432935.1	2,150,072
Other eukaryotes	GCA_002563875.1	58,845,926
Blastocystis	GCF_000151665.1	18,743,698
Blastocystis	GCA_027406405.1	20,102,801
Blastocystis	GCA_027406325.1	13,151,254
Blastocystis	GCA_025449415.1	12,107,308
Blastocystis	GCF_000743755.1	12,917,697
Blastocystis	GCA_000963415.1	15,417,329
Blastocystis	GCA_027406465.1	12,267,080
Blastocystis	GCA_027406425.1	12,692,738
Blastocystis	GCA_000963465.1	11,714,180
Fungi	GCA_000003525.2	66,270,669
Fungi	GCA_000003855.2	74,393,771
Fungi	GCA_001883805.1	32,310,524
Other eukaryotes	GCA_020509355.1	21,403,870
Fungi	GCA_900519115.1	140,663,486
Other eukaryotes	GCA_001460835.1	38,556,030
Fungi	GCA_000143535.4	42,630,066
Nematoda	GCA_024678965.1	80,464,700
Other eukaryotes	GCA_004359215.2	91,013,646
Nematoda	GCF_000002995.4	86,878,348
Nematoda	GCA_001280985.1	82,472,903
Nematoda	GCA_012070555.1	96,392,906
Nematoda	GCA_900618355.1	89,280,667
Nematoda	GCA_900618025.1	64,179,226
Nematoda	GCA_014805405.1	34,027,225
Nematoda	GCA_025436335.1	73,003,726
Nematoda	GCA_904066225.2	69,954,831
Nematoda	GCA_904067145.1	69,954,831
Nematoda	GCA_000231135.1	73,085,728
Nematoda	GCA_004128815.1	74,595,039
Nematoda	GCA_010367655.1	68,793,540
Nematoda	GCA_010367685.1	63,561,231
Nematoda	GCA_022702815.1	77,269,747
Nematoda	GCA_904066235.2	78,260,759
Nematoda	GCA_904067135.1	78,260,759
Fungi	GCA_001430925.1	25,568,647
Nematoda	GCA_000165025.1	75,258,781
Nematoda	GCA_947459285.1	71,365,878
Nematoda	GCA_904845305.1	109,582,018
Nematoda	GCA_900536315.3	86,335,402
Nematoda	GCA_902829315.1	62,726,283
Nematoda	GCA_000143925.2	170,093,638
Nematoda	GCA_021491975.1	105,507,276
Nematoda	GCA_022453885.1	106,192,558
Nematoda	GCA_029581135.1	106,951,792
Nematoda	GCF_000004555.2	105,416,539
Nematoda	GCA_000939815.1	98,599,102
Nematoda	GCA_000975215.1	98,298,214
Nematoda	GCA_001483305.2	133,026,217
Nematoda	GCA_004526295.1	100,427,386
Nematoda	GCA_013403715.1	103,051,919
Nematoda	GCA_016989095.1	102,845,785
Nematoda	GCA_016989105.1	102,883,386
Nematoda	GCA_016989115.1	103,460,487
Nematoda	GCA_016989125.1	98,826,088
Nematoda	GCA_016989145.1	95,198,557
Nematoda	GCA_016989235.1	102,904,736
Nematoda	GCA_016989245.1	102,916,164
Nematoda	GCA_016989275.1	103,056,687
Nematoda	GCA_016989285.1	103,273,517
Nematoda	GCA_016989295.1	103,274,927
Nematoda	GCA_016989365.1	103,392,894
Nematoda	GCA_016989385.1	103,782,823
Nematoda	GCA_016989455.1	103,800,801
Nematoda	GCA_016989505.1	104,142,053
Nematoda	GCA_018136795.1	104,177,918
Nematoda	GCA_018136805.1	101,858,375
Nematoda	GCA_018136835.1	95,972,472
Nematoda	GCA_018136875.1	104,562,308
Nematoda	GCA_020450165.1	105,609,511
Nematoda	GCA_022984815.1	105,787,077
Nematoda	GCA_027422425.1	106,758,084
Nematoda	GCA_027422445.1	106,853,523
Nematoda	GCA_028201415.1	108,678,471
Nematoda	GCA_028201515.1	114,241,212
Nematoda	GCA_029748435.1	102,449,614
Nematoda	GCF_000002985.6	100,286,401
Nematoda	GCA_003052745.1	122,580,819
Nematoda	GCA_000147155.1	154,057,934
Nematoda	GCA_002259235.2	120,366,962
Nematoda	GCA_001643685.2	132,111,203
Nematoda	GCA_002742825.1	128,469,192
Nematoda	GCA_027920645.1	129,435,387
Nematoda	GCA_900536275.1	78,128,214
Nematoda	GCA_900883565.2	78,127,482
Nematoda	GCA_001643735.4	124,498,641
Nematoda	GCA_002259225.3	132,046,141
Nematoda	GCA_018990105.1	142,529,424
Nematoda	GCF_000149515.1	138,406,203
Nematoda	GCA_900536235.3	92,694,461
Nematoda	GCA_900536285.3	100,864,676
Nematoda	GCA_900536295.3	103,015,225
Nematoda	GCA_900536325.3	64,717,952
Nematoda	GCA_946814055.1	59,010,448
Nematoda	GCA_900536415.3	100,282,591
Nematoda	GCA_900536345.3	90,256,594
Nematoda	GCA_900536305.3	101,072,304
Nematoda	GCA_000186765.1	76,497,192
Nematoda	GCA_016735795.1	81,451,603
Fungi	GCA_000182965.3	14,276,300
Fungi	GCA_002759435.2	12,365,659
Fungi	GCA_000026945.1	14,618,422
Fungi	GCA_002926085.1	12,580,400
Fungi	GCA_002926055.1	13,314,323
Fungi	GCA_017655625.1	13,093,264
Fungi	GCA_000182765.2	13,030,174
Fungi	GCA_003013735.1	12,590,698
Fungi	GCA_000006335.3	14,575,599
Platyhelminthes	GCA_025895645.1	216,531,548
Fungi	GCA_001692895.1	177,343,869
Nematoda	GCA_916381525.1	76,934,820
Fungi	GCA_000143365.1	34,336,862
Other eukaryotes	GCA_018398765.1	193,306,556
Fungi	GCA_001430955.1	30,395,187
Fungi	GCA_000835475.1	36,639,109
Fungi	GCA_001700775.1	29,802,520
Fungi	GCA_000835495.1	42,968,387
Fungi	GCA_000585535.1	39,333,014
Fungi	GCA_000347355.1	30,901,871
Fungi	GCA_000003835.1	12,079,919
Platyhelminthes	GCA_000236345.1	547,104,041
Platyhelminthes	GCA_003604175.2	555,231,785
Fungi	GCA_000149335.2	29,015,619
Fungi	GCA_000170175.2	27,427,344
Fungi	GCA_000149035.1	50,906,596
Fungi	GCA_000182895.1	36,192,556
Fungi	GCA_008080495.1	33,618,380
Other eukaryotes	GCA_000331325.2	41,296,350
Nematoda	GCA_013365365.1	75,516,636
Fungi	GCA_001444555.1	24,807,186
Fungi	GCA_009650685.1	17,886,378
Fungi	GCA_002954075.1	17,580,959
Fungi	GCA_000185945.1	18,361,682
Fungi	GCA_000091045.1	19,050,125
Other eukaryotes	GCA_001865355.1	9,084,332
Other eukaryotes	GCA_001593455.1	8,493,640
Other eukaryotes	GCA_009768925.2	9,110,870
Other eukaryotes	GCA_000006425.2	8,914,723
Other eukaryotes	GCA_001593445.1	8,973,200
Other eukaryotes	GCF_000006515.1	9,238,736
Other eukaryotes	GCA_000165345.1	9,087,655
Other eukaryotes	GCA_009792415.2	9,058,925
Other eukaryotes	GCA_004936735.2	9,052,107
Other eukaryotes	GCA_000831705.1	9,509,783
Other eukaryotes	GCA_007210665.1	8,937,304
Other eukaryotes	GCA_001865345.1	8,968,667
Fungi	GCA_014805705.1	32,397,457
Fungi	GCA_001983305.1	12,188,250
Other eukaryotes	GCA_000769155.2	43,961,175
Nematoda	GCA_900617965.1	164,847,740
Fungi	GCA_000365145.2	28,719,617
Other eukaryotes	GCA_002600585.1	81,139,999
Other eukaryotes	GCA_020283715.1	9,109,172
Fungi	GCA_001447935.2	11,697,257
Fungi	GCA_000006445.2	12,151,761
Nematoda	GCA_009724625.1	93,153,961
Platyhelminthes	GCA_900617775.1	493,049,113
Platyhelminthes	GCA_000950715.1	424,790,813
Platyhelminthes	GCA_944474145.1	1,883,523,968
Nematoda	GCA_000816705.1	156,893,894
Fungi	GCA_016256075.1	41,908,660
Fungi	GCA_016255985.1	2,205,630
Nematoda	GCA_013365325.1	81,561,392
Nematoda	GCA_014805445.1	213,807,932
Nematoda	GCA_002207785.1	169,445,850
Nematoda	GCA_002287525.1	156,503,834
Platyhelminthes	GCA_017562135.1	109,012,297
Platyhelminthes	GCA_028455885.1	82,055,651
Platyhelminthes	GCA_028456195.1	85,878,945
Nematoda	GCA_001077395.1	84,878,920
Nematoda	GCA_009829315.1	89,153,617
Nematoda	GCA_013365355.1	83,711,010
Nematoda	GCA_024305405.1	86,813,779
Nematoda	GCA_008729115.1	99,578,628
Nematoda	GCA_001579705.1	108,829,417
Nematoda	GCA_022814885.1	139,411,310
Nematoda	GCA_022814895.1	120,895,792
Nematoda	GCA_004194705.1	227,228,821
Nematoda	GCA_029232805.1	228,244,842
Nematoda	GCA_029233205.1	239,517,387
Nematoda	GCA_029231635.1	196,328,972
Nematoda	GCA_029231655.1	177,059,798
Fungi	GCA_008704595.1	13,433,577
Nematoda	GCA_900625125.1	103,582,672
Platyhelminthes	GCA_001938525.1	829,884,062
Platyhelminthes	GCA_900004735.1	115,022,610
Platyhelminthes	GCA_021556725.1	168,957,719
Platyhelminthes	GCF_000524195.1	110,106,964
Platyhelminthes	GCA_000469725.3	112,135,503
Platyhelminthes	GCA_900683695.1	105,959,096
Platyhelminthes	GCA_900618425.1	768,992,840
Fungi	GCA_000230595.3	50,748,798
Other eukaryotes	GCA_000499425.1	45,677,409
Other eukaryotes	GCA_000499725.1	65,020,649
Other eukaryotes	GCA_002271815.1	41,633,439
Other eukaryotes	GCA_000499605.1	45,874,462
Other eukaryotes	GCA_000499745.2	66,895,571
Other eukaryotes	GCA_000499385.1	54,911,932
Other eukaryotes	GCA_000499445.1	55,968,490
Other eukaryotes	GCA_905310635.1	53,215,962
Nematoda	GCA_000499685.1	1,478,571
Fungi	GCA_001660665.1	29,707,524
Fungi	GCA_002110485.1	35,498,521
Fungi	GCA_001883825.1	32,381,861
Fungi	GCA_000091225.2	2,496,714
Fungi	GCA_000277815.3	2,251,784
Fungi	GCA_000146465.1	2,216,798
Fungi	GCA_000280035.2	2,187,595
Other eukaryotes	GCA_000333855.2	32,004,424
Other eukaryotes	GCA_000209125.2	30,503,664
Other eukaryotes	GCA_000208925.2	20,771,095
Other eukaryotes	GCA_000330505.1	40,496,007
Other eukaryotes	GCA_002914575.1	22,738,010
Other eukaryotes	GCF_000257125.1	14,351,590
Nematoda	GCA_900576705.1	144,223,730
Fungi	GCA_000209485.1	3,859,221
Fungi	GCA_002081675.1	3,252,945
Fungi	GCA_002087915.1	3,095,189
Fungi	GCA_003814445.1	35,023,690
Fungi	GCA_000225285.2	46,723,002
Platyhelminthes	GCA_029291075.1	939,802,929
Fungi	GCA_000709125.1	40,982,715
Fungi	GCA_000230625.1	26,372,207
Fungi	GCA_000836275.1	29,256,826
Fungi	GCA_000835515.1	37,920,466
Fungi	GCA_000836115.1	32,873,413
Platyhelminthes	GCA_002867515.3	815,755,506
Platyhelminthes	GCA_006461475.1	1,067,955,917
Platyhelminthes	GCA_018104335.1	1,347,762,911
Platyhelminthes	GCA_000824725.2	1,182,328,283
Platyhelminthes	GCA_000947175.1	1,183,504,361
Platyhelminthes	GCA_002763495.2	1,080,014,412
Platyhelminthes	GCA_900302435.1	1,163,484,157
Platyhelminthes	GCA_008360955.1	720,117,733
Fungi	GCA_000835455.1	34,632,884
Fungi	GCA_013396185.1	42,614,554
Fungi	GCA_900079805.1	43,807,812
Fungi	GCA_900044135.1	38,047,942
Fungi	GCA_900044065.1	45,713,518
Fungi	GCA_000350365.1	48,808,043
Fungi	GCA_000149955.2	60,011,252
Fungi	GCA_900067095.1	44,903,261
Fungi	GCA_000151355.1	51,230,360
Fungi	GCA_000149555.1	41,794,269
Fungi	GCA_000145635.1	40,978,414
Other eukaryotes	GCF_000002435.2	11,673,475
Other eukaryotes	GCA_006247105.1	9,777,924
Platyhelminthes	GCA_001938485.1	1,325,689,572
Other eukaryotes	GCA_000387425.2	42,676,619
Other eukaryotes	GCA_000387465.2	41,664,801
Other eukaryotes	GCA_000143045.1	42,791,458
Nematoda	GCA_001723225.1	105,065,163
Nematoda	GCA_000724045.1	103,634,401
Nematoda	GCA_020449905.1	112,275,158
Nematoda	GCA_023343765.1	118,347,338
Nematoda	GCA_018350315.1	101,220,641
Nematoda	GCA_018350325.1	92,200,793
Nematoda	GCA_900079975.1	91,457,744
Nematoda	GCA_900617915.1	302,426,968
Other eukaryotes	GCA_000223845.4	13,637,874
Platyhelminthes	GCA_012064415.1	83,305,350
Platyhelminthes	GCA_000715275.1	67,348,207
Nematoda	GCA_000442195.1	299,070,827
Nematoda	GCA_000469685.2	277,739,597
Nematoda	GCA_007637855.2	448,432,379
Nematoda	GCA_900617895.1	248,051,386
Other eukaryotes	GCA_001625125.1	22,751,163
Nematoda	GCA_009193035.1	61,421,878
Nematoda	GCA_009761265.1	47,154,361
Fungi	GCA_004325065.1	20,734,143
Fungi	GCA_004325045.1	18,344,352
Other eukaryotes	GCA_000258005.2	67,460,985
Fungi	GCA_900119595.1	9,035,520
Fungi	GCA_001747055.1	8,805,186
Nematoda	GCA_900096555.1	648,477,975
Nematoda	GCA_947359475.1	310,519,831
Nematoda	GCA_947359485.1	692,450,925
Nematoda	GCA_900618505.1	522,709,189
Nematoda	GCA_947396875.1	655,933,348
Nematoda	GCA_947396885.1	625,855,423
Fungi	GCA_004125335.1	541,187,406
Other eukaryotes	GCA_902459845.2	19,920,082
Fungi	GCA_002087885.1	4,538,111
Platyhelminthes	GCA_944470545.2	685,114,177
Platyhelminthes	GCA_944470555.1	665,164,197
Nematoda	GCA_024500135.1	95,119,944
Nematoda	GCA_000150805.1	80,778,247
Nematoda	GCA_004148225.2	156,300,699
Nematoda	GCA_015680885.1	140,269,496
Nematoda	GCA_019095935.1	174,307,393
Nematoda	GCA_020449115.1	185,867,480
Nematoda	GCA_023374025.1	174,309,215
Nematoda	GCA_000223415.1	74,356,772
Nematoda	GCA_020740425.2	84,585,366
Other eukaryotes	GCA_020186115.1	43,414,713
Fungi	GCA_000170615.1	41,285,888
Nematoda	GCA_016433075.1	46,941,449
Nematoda	GCA_016432905.1	13,242,996
Fungi	GCA_002127715.1	49,777,326
Other eukaryotes	GCA_000173235.2	70,263,251
Platyhelminthes	GCA_900622495.1	100,513,659
Platyhelminthes	GCA_900618445.1	164,748,043
Platyhelminthes	GCA_900708905.1	167,946,785
Platyhelminthes	GCA_902177915.1	167,972,465
Platyhelminthes	GCA_000469805.3	162,456,563
Fungi	GCA_000002515.1	10,689,112
Nematoda	GCA_014805365.1	177,125,596
Fungi	GCA_000512585.2	24,346,955
Fungi	GCA_000512565.2	23,858,104
Fungi	GCA_000507425.3	25,191,614
Fungi	GCA_000507465.3	22,592,271
Other eukaryotes	GCA_000444285.2	30,987,001
Other eukaryotes	GCA_000438535.1	29,003,854
Other eukaryotes	GCA_000410695.2	30,769,451
Other eukaryotes	GCA_000002845.2	31,986,892
Other eukaryotes	GCA_000227135.2	31,252,135
Other eukaryotes	GCA_000410755.2	30,426,963
Other eukaryotes	GCA_000443025.1	30,818,428
Other eukaryotes	GCA_900500625.2	32,803,248
Other eukaryotes	GCA_000002725.2	32,855,082
Other eukaryotes	GCA_000234665.4	32,074,503
Other eukaryotes	GCA_017916335.1	34,192,569
Other eukaryotes	GCA_000340495.1	30,965,649
Other eukaryotes	GCA_017918215.1	35,953,057
Other eukaryotes	GCA_000409445.2	30,528,139
Other eukaryotes	GCA_017918225.1	34,118,094
Other eukaryotes	TriTrypDB-61-LtarentolaeParrotTarII	30,440,719
Other eukaryotes	GCA_000410715.1	31,323,065
Other eukaryotes	GCA_000441995.1	30,871,804
Other eukaryotes	GCA_001293395.1	30,266,237
Other eukaryotes	GCA_001299535.1	27,601,262
Nematoda	GCA_014805385.1	154,391,745
Fungi	GCA_000723665.1	30,977,301
Fungi	GCA_008728235.1	31,885,420
Nematoda	GCA_013365375.1	65,189,881
Nematoda	GCA_013365315.1	63,946,925
Nematoda	GCA_900537275.1	63,813,650
Nematoda	GCA_000733445.1	96,405,388
Nematoda	GCF_000183805.2	87,518,593
Fungi	GCA_000149685.1	15,460,620
Fungi	GCA_002276285.1	37,626,594
Fungi	GCA_000302655.1	48,882,833
Platyhelminthes	GCA_001188465.1	1,040,124,789
Platyhelminthes	GCA_002269645.1	762,829,307
Nematoda	GCA_013365335.1	77,676,864
Fungi	GCA_000193285.1	34,673,006
Fungi	GCA_000181695.1	8,958,094
Fungi	GCA_003290485.1	7,369,627
Fungi	GCA_900149145.1	7,786,082
Nematoda	GCA_029876185.1	74,839,131
Nematoda	GCA_947561635.1	82,435,325
Nematoda	GCA_948294485.1	79,576,055
Other eukaryotes	GCA_902651635.1	53,949,838
Fungi	GCA_000204055.1	97,682,699
Nematoda	GCA_003133805.1	284,032,373
Nematoda	GCA_003693565.1	162,847,002
Nematoda	GCA_017562155.1	281,698,354
Nematoda	GCA_900003985.1	256,263,447
Nematoda	GCA_015183025.1	46,924,610
Nematoda	GCA_015183035.1	47,477,280
Nematoda	GCA_015183065.1	47,730,907
Nematoda	GCA_003693675.1	162,351,025
Nematoda	GCA_903797545.1	240,052,909
Nematoda	GCA_903994135.1	240,052,909
Nematoda	GCA_018905775.1	42,101,073
Nematoda	GCA_000751915.1	94,894,093
Nematoda	GCA_003693605.1	74,621,421
Nematoda	GCA_002778205.2	36,814,536
Nematoda	GCA_014773135.1	41,549,113
Nematoda	GCA_000172435.1	53,012,960
Nematoda	GCA_000180415.1	82,095,019
Nematoda	GCA_003693645.1	193,150,271
Nematoda	GCA_014132215.1	121,519,182
Nematoda	GCA_900182535.1	180,212,183
Nematoda	GCA_003693625.1	149,871,018
Nematoda	GCA_900003945.1	235,486,090
Nematoda	GCA_902706615.1	209,155,305
Platyhelminthes	GCA_900604375.1	116,274,440
Nematoda	GCA_900631915.1	163,453,184
Nematoda	GCA_900631935.1	32,872,664
Fungi	GCA_000814975.1	38,325,361
Fungi	GCA_000149425.1	10,574,537
Nematoda	GCA_900490955.1	180,352,191
Fungi	GCA_021821965.1	2,206,487
Fungi	GCA_000151145.1	23,137,485
Fungi	GCA_000760515.2	5,635,072
Platyhelminthes	GCA_019097775.1	136,538,346
Other eukaryotes	GCA_001643675.2	82,301,135
Fungi	GCA_000401635.1	34,134,616
Fungi	GCA_001638945.1	36,567,582
Other eukaryotes	GCA_014843625.1	27,994,426
Other eukaryotes	GCA_000004985.1	36,295,096
Other eukaryotes	GCA_003324165.2	30,876,303
Fungi	GCA_000002545.2	12,317,945
Nematoda	GCF_000507365.1	208,173,610
Fungi	GCA_000250695.1	4,649,639
Fungi	GCA_001642395.1	3,057,189
Fungi	GCA_021653875.1	3,786,698
Fungi	GCA_000250985.1	4,029,056
Fungi	GCA_001642415.1	4,394,323
Other eukaryotes	GCA_000208865.2	57,524,119
Fungi	GCA_000182925.2	41,061,603
Fungi	FungiDB-61-NdiscretaFGSC8579	37,145,397
Fungi	GCA_000213175.1	38,490,826
Nematoda	GCA_900200055.1	347,480,154
Nematoda	GCA_900618405.1	281,787,967
Fungi	GCA_000447185.1	8,513,856
Fungi	GCA_000383075.1	14,356,492
Fungi	GCA_000182985.1	7,860,219
Fungi	GCA_015832245.1	8,834,943
Nematoda	GCA_000797555.1	351,605,877
Nematoda	GCA_002249935.1	62,736,202
Nematoda	GCA_900618345.1	84,642,940
Nematoda	GCA_028564675.1	92,491,485
Nematoda	GCA_000950515.2	91,277,801
Nematoda	GCA_001077375.1	95,347,607
Nematoda	GCA_900537205.1	95,347,607
Nematoda	GCA_000180695.1	25,992,171
Nematoda	GCA_000499405.2	93,266,462
Fungi	GCA_000410735.1	32,504,266
Platyhelminthes	GCA_004794785.1	607,001,493
Platyhelminthes	GCA_001990785.1	448,780,138
Platyhelminthes	GCF_000715545.1	572,111,430
Fungi	GCA_000803265.1	2,290,528
Nematoda	GCA_022343475.1	68,006,955
Nematoda	GCA_022343505.1	70,352,590
Nematoda	GCA_932521035.1	72,803,202
Nematoda	GCA_932521025.1	65,791,359
Nematoda	GCA_932521415.1	47,760,781
Nematoda	GCA_022343465.1	128,886,982
Nematoda	GCA_932521405.1	62,259,853
Nematoda	GCA_000934875.1	38,321,349
Nematoda	GCA_001513535.1	117,290,108
Nematoda	GCA_001630785.1	112,480,486
Nematoda	GCA_013425905.1	60,163,038
Nematoda	GCA_900184235.1	59,452,313
Nematoda	GCA_000341325.1	62,073,019
Nematoda	GCA_024447225.1	74,454,495
Nematoda	GCA_024447235.1	62,270,399
Nematoda	GCA_901779475.1	117,974,128
Nematoda	GCA_901766855.1	88,662,962
Nematoda	GCA_901765185.1	63,454,929
Nematoda	GCA_028622995.1	265,853,464
Nematoda	GCA_024447215.1	182,164,411
Nematoda	GCA_024447205.1	230,526,197
Nematoda	GCA_024447195.1	217,946,463
Nematoda	GCA_901765195.1	83,255,419
Nematoda	GCA_901779485.1	47,617,765
Nematoda	GCA_901766145.1	75,570,095
Fungi	GCA_000150475.2	28,836,656
Fungi	GCA_000150705.2	32,625,232
Platyhelminthes	GCA_013368495.1	777,905,259
Platyhelminthes	GCA_014220965.1	616,603,129
Platyhelminthes	GCA_014338405.1	836,460,056
Platyhelminthes	GCA_008508345.1	876,357,177
Platyhelminthes	GCA_015252655.1	781,896,510
Nematoda	GCA_900491355.1	178,308,095
Nematoda	GCA_943737045.1	251,641,265
Nematoda	GCA_002259205.1	252,156,326
Nematoda	GCA_002259215.1	241,715,821
Fungi	GCA_016801405.1	37,019,737
Nematoda	GCA_000941615.1	42,219,646
Other eukaryotes	GCA_002921335.1	25,288,733
Nematoda	GCA_019055375.1	490,895,320
Fungi	GCA_001890105.1	26,015,890
Fungi	GCA_000226395.1	32,203,817
Other eukaryotes	GCA_003843895.1	32,079,051
Fungi	GCA_000167175.1	29,842,250
Fungi	GCA_001638985.2	53,368,560
Other eukaryotes	GCA_016618375.1	94,175,927
Other eukaryotes	FungiDB-61-PcinnamomiCBS144-22	58,248,003
Other eukaryotes	GCA_000142945.1	190,133,476
Other eukaryotes	GCA_002911725.1	107,397,801
Other eukaryotes	GCA_000247585.2	53,871,265
Other eukaryotes	GCA_002247145.1	40,434,457
Other eukaryotes	GCA_000149735.1	54,424,536
Other eukaryotes	GCA_000149755.2	79,327,257
Other eukaryotes	GCA_000387545.2	33,582,665
Fungi	GCA_003054445.1	10,863,895
Other eukaryotes	GCA_900002375.2	18,780,606
Other eukaryotes	GCA_900002335.2	18,973,757
Other eukaryotes	GCA_001680005.1	27,685,430
Other eukaryotes	GCA_900180395.1	30,657,612
Other eukaryotes	GCA_000002765.3	23,332,839
Other eukaryotes	GCA_000956335.1	22,936,786
Other eukaryotes	GCA_001602025.1	19,966,537
Other eukaryotes	GCA_900005855.1	23,877,187
Other eukaryotes	GCA_000524495.1	26,201,470
Other eukaryotes	GCA_000006355.3	24,384,598
Other eukaryotes	GCA_900090045.1	33,618,035
Other eukaryotes	GCA_900090035.2	33,388,657
Other eukaryotes	GCA_000723685.1	23,917,262
Other eukaryotes	GCA_900005765.1	22,579,648
Other eukaryotes	GCA_900257145.2	20,307,785
Other eukaryotes	GCA_900095595.1	24,796,794
Other eukaryotes	GCA_900097015.1	22,190,291
Other eukaryotes	GCA_900097035.1	21,237,197
Other eukaryotes	GCA_900681995.1	18,374,134
Other eukaryotes	GCA_900093555.2	28,899,270
Other eukaryotes	PlasmoDB-61-Pvivax-likePvl01	22,173,509
Other eukaryotes	GCA_900002385.2	23,083,521
Nematoda	GCA_004785735.1	220,576,793
Nematoda	GCA_002796945.1	186,593,363
Fungi	GCA_000697685.1	34,342,639
Fungi	GCA_017788925.1	7,382,618
Fungi	GCA_000333975.2	8,179,979
Fungi	GCA_017311285.1	7,409,722
Fungi	GCA_018127085.1	8,274,826
Fungi	GCA_017301755.1	7,303,369
Fungi	GCA_000226545.1	34,250,760
Fungi	GCA_900290415.1	34,157,309
Other eukaryotes	GCA_017918235.1	34,958,218
Other eukaryotes	GCA_019968955.1	8,810,643
Nematoda	GCA_900490705.1	194,517,820
Nematoda	GCA_900490825.1	242,231,587
Nematoda	GCA_900380275.1	167,014,498
Nematoda	GCA_911812115.1	169,540,605
Nematoda	GCA_900490895.1	232,461,474
Nematoda	GCA_900490845.1	198,553,437
Nematoda	GCA_900490775.1	222,408,857
Nematoda	GCA_900490875.1	266,602,839
Nematoda	GCA_000180635.4	154,957,827
Nematoda	GCA_918442785.1	142,917,593
Nematoda	GCA_918442795.1	145,803,384
Nematoda	GCA_918442805.1	153,501,534
Nematoda	GCA_918442815.1	145,112,548
Nematoda	GCA_918442825.1	159,483,343
Nematoda	GCA_918442835.1	141,981,671
Nematoda	GCA_918442845.1	148,299,775
Platyhelminthes	GCA_907163375.1	2,065,453,619
Platyhelminthes	GCA_028672205.1	131,542,718
Platyhelminthes	GCA_900617795.1	593,006,571
Fungi	GCA_000184105.1	28,356,058
Fungi	GCA_001432165.1	5,248,409
Fungi	GCA_000149925.1	81,600,488
Fungi	GCA_001263375.1	71,015,930
Fungi	GCA_002920065.1	84,627,742
Fungi	GCA_000151525.2	106,563,903
Fungi	GCA_000002495.2	40,949,321
Other eukaryotes	GCA_000387445.2	34,264,281
Other eukaryotes	GCA_000387505.2	42,804,114
Other eukaryotes	GCA_001029375.2	66,713,539
Nematoda	GCA_013357305.1	50,535,140
Nematoda	GCA_013357325.1	50,070,272
Fungi	GCA_014183025.1	34,305,769
Nematoda	GCA_029299675.1	2,815,222
Nematoda	GCA_004026265.1	50,496,789
Nematoda	GCA_000944355.1	47,120,089
Fungi	GCA_000835555.1	32,433,268
Fungi	GCA_000439145.3	129,782,361
Fungi	GCA_000149305.1	45,324,238
Fungi	GCA_002083745.1	24,892,044
Platyhelminthes	GCA_900617975.1	156,779,205
Nematoda	GCA_001039655.1	267,654,222
Nematoda	GCA_001026735.1	310,835,023
Fungi	GCA_000146045.2	12,071,326
Fungi	GCA_002079055.1	12,075,453
Fungi	GCA_900491785.1	10,773,167
Other eukaryotes	GCA_000281045.1	40,460,948
Other eukaryotes	GCA_000151545.2	48,176,889
Other eukaryotes	GCA_000727475.1	122,423,763
Fungi	GCA_000732125.1	43,202,131
Platyhelminthes	GCA_017591395.1	625,199,799
Platyhelminthes	GCA_900618435.1	517,333,403
Platyhelminthes	GCA_003958945.1	360,800,354
Platyhelminthes	GCA_944470425.1	406,116,441
Platyhelminthes	GCA_944470445.2	391,756,303
Platyhelminthes	GCA_900618015.1	334,776,364
Platyhelminthes	GCA_907275115.1	396,843,292
Platyhelminthes	GCA_944474815.1	396,843,292
Platyhelminthes	GCA_944470375.1	379,228,771
Platyhelminthes	GCA_944470455.2	390,638,621
Platyhelminthes	GCA_944470465.2	400,248,827
Platyhelminthes	GCF_000699445.3	431,515,322
Platyhelminthes	GCA_944470365.1	382,241,571
Platyhelminthes	GCA_944470385.2	385,983,128
Platyhelminthes	GCA_000151775.1	369,022,049
Platyhelminthes	GCA_006368765.1	369,873,845
Platyhelminthes	GCA_021461655.1	408,397,200
Platyhelminthes	GCA_025215515.1	404,370,401
Platyhelminthes	GCA_000237925.5	391,379,333
Platyhelminthes	GCA_900618395.1	363,933,805
Platyhelminthes	GCA_944470205.1	394,845,898
Platyhelminthes	GCA_900617995.1	326,279,473
Platyhelminthes	GCA_944470405.1	389,224,454
Platyhelminthes	GCA_944470415.1	413,299,306
Platyhelminthes	GCA_944470435.2	388,465,650
Platyhelminthes	GCA_946903255.1	390,011,600
Platyhelminthes	GCA_944470395.1	423,339,437
Fungi	GCA_000149845.2	11,135,996
Fungi	GCA_000150505.2	11,262,981
Fungi	GCA_000002945.2	12,590,849
Platyhelminthes	GCA_000181075.1	611,995,108
Platyhelminthes	GCA_000572305.1	865,581,001
Platyhelminthes	GCA_000691995.1	600,352,029
Platyhelminthes	GCA_002600895.1	773,867,583
Platyhelminthes	GCA_022537955.1	941,969,851
Fungi	GCA_001857865.1	38,906,497
Nematoda	GCA_003640385.1	78,758,812
Nematoda	GCA_900083525.1	89,881,517
Nematoda	GCA_003012265.1	77,473,044
Nematoda	GCA_900618415.1	212,973,050
Fungi	GCA_000182805.2	38,253,120
Platyhelminthes	GCA_902702955.1	602,366,367
Platyhelminthes	GCA_000951995.1	1,130,704,756
Platyhelminthes	GCA_902702965.1	718,241,152
Other eukaryotes	GCA_000497125.2	14,413,411
Fungi	GCA_000182565.2	23,906,001
Fungi	GCA_000230245.1	18,138,966
Fungi	GCA_000820605.1	33,205,449
Fungi	GCA_000961545.1	32,374,918
Fungi	GCA_000430065.1	4,979,932
Fungi	GCA_000732565.1	36,268,535
Nematoda	GCA_000757645.3	84,059,253
Nematoda	GCA_013436035.1	118,236,291
Nematoda	GCA_000757705.1	79,710,583
Nematoda	GCA_007213375.1	121,603,157
Nematoda	GCA_000757755.1	89,456,487
Nematoda	GCA_016648015.1	81,763,885
Nematoda	GCA_000505645.1	84,806,581
Nematoda	GCA_000757745.1	78,888,856
Nematoda	GCA_000936265.1	60,381,969
Nematoda	GCA_005656395.1	58,232,448
Nematoda	GCF_001040885.1	42,896,169
Nematoda	GCA_000947215.1	42,661,029
Nematoda	GCA_029582065.1	44,372,495
Nematoda	GCA_001028725.1	52,138,309
Nematoda	GCA_900624965.1	265,463,912
Nematoda	GCA_000981365.1	90,087,259
Fungi	GCA_006535955.1	21,374,948
Platyhelminthes	GCA_001693035.2	164,406,061
Platyhelminthes	GCA_900618005.1	133,710,162
Platyhelminthes	GCA_023375655.1	106,889,530
Platyhelminthes	GCA_001923025.3	240,480,060
Platyhelminthes	GCA_023968675.1	210,514,865
Platyhelminthes	GCA_001693075.2	166,314,755
Platyhelminthes	GCA_001870725.1	129,764,172
Platyhelminthes	GCA_002082475.1	114,435,817
Platyhelminthes	GCA_002221735.1	116,379,726
Fungi	GCA_000001985.1	28,467,480
Fungi	GCA_000003125.1	35,558,430
Fungi	GCA_000312925.2	13,271,357
Nematoda	GCA_002352805.1	576,109,770
Other eukaryotes	GCA_000003225.1	8,357,924
Other eukaryotes	GCA_000342415.1	11,674,479
Other eukaryotes	GCA_000740895.1	9,006,764
Other eukaryotes	GCA_000165365.1	8,347,606
Nematoda	GCA_900618365.1	74,617,119
Fungi	GCA_014805555.1	10,378,794
Fungi	GCA_000226095.1	38,744,216
Nematoda	GCA_022844705.1	272,264,966
Nematoda	GCA_000803305.1	298,641,369
Nematoda	GCA_001680135.1	229,367,318
Nematoda	GCA_900622545.1	289,351,506
Other eukaryotes	GCF_000006565.2	65,465,022
Fungi	GCA_000316135.1	7,706,555
Fungi	GCA_000271645.1	27,987,508
Nematoda	GCA_001447585.1	51,167,848
Nematoda	GCA_001447425.1	48,705,307
Nematoda	GCA_002221485.1	64,698,596
Nematoda	GCA_001447565.2	47,104,796
Nematoda	GCA_002148645.1	51,402,140
Nematoda	GCA_001447455.1	47,222,616
Nematoda	GCA_025699415.1	61,614,611
Nematoda	GCA_001447755.1	46,693,037
Nematoda	GCA_001447655.1	49,674,626
Nematoda	GCA_001447445.1	45,658,109
Nematoda	GCA_001447575.1	48,199,882
Nematoda	GCA_001447645.1	48,568,222
Nematoda	GCA_001447675.1	48,257,612
Nematoda	GCA_001447725.1	48,104,622
Nematoda	GCA_005323645.1	68,871,526
Nematoda	GCA_011764315.1	59,068,658
Nematoda	GCA_001447435.1	50,567,997
Nematoda	GCA_001447745.1	49,096,326
Nematoda	GCA_001447505.1	48,785,687
Nematoda	GCA_000181795.3	41,201,932
Nematoda	GCA_001447595.1	49,808,262
Nematoda	GCA_008807755.1	42,081,291
Nematoda	GCA_008807775.1	47,420,314
Nematoda	GCA_008807795.1	58,591,653
Nematoda	GCA_008807815.1	24,751,815
Nematoda	GCA_001447665.1	50,474,353
Platyhelminthes	GCA_900618515.1	625,050,097
Platyhelminthes	GCA_944472135.1	954,078,278
Platyhelminthes	GCA_944472155.1	1,114,318,195
Fungi	GCA_001599035.1	36,961,169
Fungi	GCA_000167675.2	33,348,438
Fungi	GCA_000170995.2	39,022,652
Other eukaryotes	GCA_900231805.1	46,742,176
Other eukaryotes	GCA_026262505.1	181,427,070
Fungi	GCA_008704605.1	20,497,720
Fungi	GCA_003118255.1	24,055,884
Fungi	GCA_000151425.1	22,127,963
Fungi	GCA_000151455.1	22,505,389
Fungi	GCA_000293215.1	24,303,834
Nematoda	GCA_000612645.2	110,110,664
Nematoda	GCA_000701005.1	71,810,753
Nematoda	GCA_000701025.1	69,235,183
Nematoda	GCA_000797535.1	62,907,066
Nematoda	GCA_000613005.1	75,481,916
Other eukaryotes	GCA_001839685.1	65,299,827
Other eukaryotes	GCA_000002445.1	26,071,887
Other eukaryotes	GCA_000227395.2	18,802,389
Other eukaryotes	GCA_000209065.1	89,612,356
Other eukaryotes	GCA_001457755.2	26,113,307
Other eukaryotes	TriTrypDB-61-TevansiSTIB805	25,432,062
Other eukaryotes	GCA_000691245.1	20,791,447
Other eukaryotes	GCA_022059095.1	23,303,718
Other eukaryotes	GCA_000492115.1	15,111,138
Other eukaryotes	GCA_002087225.1	25,689,031
Other eukaryotes	GCA_000227375.1	24,779,298
Fungi	GCA_004000155.1	7,536,915
Fungi	GCA_000003515.2	22,168,071
Fungi	GCA_000328475.2	19,641,656
Fungi	GCA_000192795.1	6,033,822
Fungi	GCA_000836295.1	31,348,514
Fungi	GCA_000400815.2	36,150,287
Other eukaryotes	GCA_001179505.1	71,768,977
Fungi	GCA_000231115.1	3,148,732
Nematoda	GCA_000180755.1	81,507,962
Nematoda	GCA_001555675.1	90,283,428
Nematoda	GCA_005281725.1	87,014,592
Nematoda	GCA_900622535.1	76,921,522
Fungi	GCA_000002525.1	20,501,810
Fungi	GCA_000219625.1	39,678,910